ID_DETAIL_TRANSFER_BARANG,ID_TRANSFER_BARANG,KD_BARANG,TOTAL_PESAN_TRANSFER_DUS,TOTAL_KIRIM_DUS,TOTAL_TIBA_DUS,TOTAL_DITOLAK_DUS,TOTAL_MASUK_DUS,STATUS
DTFR63B57078562F,TRFRD8FA68802BF1,4aCSBjQPd3TzFd90,40,40,40,0,40,SELESAI
DTFR78BC558D453C,TRFR1A47CAF5FD5E,4aCSBjQPd3TzFd90,40,40,40,0,40,SELESAI
DTFR00325E7B1C5B,TRFR8E39F43B5028,4aCSBjQPd3TzFd90,40,40,40,0,40,SELESAI
DTFR6F958A1FBEED,TRFRC1FB1B1AE5F7,W8r1LuGwd932W3Zq,20,20,20,0,20,SELESAI
DTFR4B02AF8D6529,TRFR7524567D2B78,W8r1LuGwd932W3Zq,20,20,20,0,20,SELESAI
DTFR354C22846820,TRFRA4330C80F0D3,W8r1LuGwd932W3Zq,20,20,20,0,20,SELESAI
DTFRFEFF0E57B69C,TRFR08E7013E5909,W8r1LuGwd932W3Zq,18,18,18,0,18,SELESAI
DTFR3786B25F83CD,TRFRA3FD2ABAEED7,W8r1LuGwd932W3Zq,20,20,20,0,20,SELESAI
DTFR63E39EC5FD24,TRFR501EA10F79C8,W8r1LuGwd932W3Zq,15,15,15,0,15,SELESAI
DTFRBAF3ADF2B200,TRFRFD2316C73A1F,W8r1LuGwd932W3Zq,20,20,20,0,20,SELESAI
DTFRD8CDDE56F1CE,TRFRB25EEDA42A7C,W8r1LuGwd932W3Zq,20,20,20,0,20,SELESAI
DTFR2293263805FB,TRFRFA32844CA083,W8r1LuGwd932W3Zq,20,20,20,0,20,SELESAI
DTFR57FD32ABDBAB,TRFR7BFB874D7A17,W8r1LuGwd932W3Zq,20,20,20,0,20,SELESAI
DTFR36E8B1EF5668,TRFR9B78156F590C,W8r1LuGwd932W3Zq,16,16,16,0,16,SELESAI
DTFR4E45DF691A5D,TRFR10062CC87E51,W8r1LuGwd932W3Zq,20,20,20,0,20,SELESAI
DTFR82041C3F5514,TRFR74DF7642BAD1,W8r1LuGwd932W3Zq,17,17,17,0,17,SELESAI
DTFRD86FF44183B9,TRFR32BB15741718,W8r1LuGwd932W3Zq,20,20,20,0,20,SELESAI
DTFR2174366FBE5C,TRFR0C0581FE89C1,W8r1LuGwd932W3Zq,18,18,18,0,18,SELESAI
DTFR860EFE3E49CA,TRFR91558F3C7450,W8r1LuGwd932W3Zq,19,19,19,0,19,SELESAI
DTFR5FB5B04C45EC,TRFRFE16F37812EC,4aCSBjQPd3TzFd90,39,39,39,0,39,SELESAI
DTFRE80E37364264,TRFR4796B8ED0E6E,W8r1LuGwd932W3Zq,20,20,20,0,20,SELESAI
DTFR539D3E321FA8,TRFR85B3C1AEA1B7,W8r1LuGwd932W3Zq,17,17,17,0,17,SELESAI
DTFR224D57B2EC1C,TRFR59B854DABD1A,4aCSBjQPd3TzFd90,38,38,38,0,38,SELESAI
DTFRDD454FD39B77,TRFR1CF30478205E,4aCSBjQPd3TzFd90,38,38,38,0,38,SELESAI
DTFR40D2FD734141,TRFR376E055CDD20,W8r1LuGwd932W3Zq,17,17,17,0,17,SELESAI
DTFRDBAECC2ADFFE,TRFR06D49B5FCDF1,W8r1LuGwd932W3Zq,16,16,16,0,16,SELESAI
DTFR51A1AE48B557,TRFRC20B93161864,W8r1LuGwd932W3Zq,17,17,17,0,17,SELESAI
DTFR3323A225018B,TRFRCE4196B5CB3B,W8r1LuGwd932W3Zq,20,20,20,0,20,SELESAI
DTFR986E25AB3F4F,TRFR2B963EE5EB74,W8r1LuGwd932W3Zq,20,20,20,0,20,SELESAI
DTFRAF32D93E24E1,TRFR570304E45B92,W8r1LuGwd932W3Zq,19,19,19,0,19,SELESAI
DTFR8CDDDFE2C1E1,TRFR934DF32CD787,W8r1LuGwd932W3Zq,16,16,16,0,16,SELESAI
DTFRA12E5602CEBC,TRFR62EC9B131032,W8r1LuGwd932W3Zq,19,19,19,0,19,SELESAI
DTFR14C17CC5AB62,TRFR0E4F2F8C4B6E,W8r1LuGwd932W3Zq,17,17,17,0,17,SELESAI
DTFRD72AD2B61DE2,TRFR1BD5584E7918,W8r1LuGwd932W3Zq,17,17,17,0,17,SELESAI
DTFRC1B3A940F7EA,TRFR2E83989796EF,W8r1LuGwd932W3Zq,20,20,20,0,20,SELESAI
DTFR53D4EBB1F048,TRFR85970698D98F,W8r1LuGwd932W3Zq,18,18,18,0,18,SELESAI
DTFR1065FAF910F5,TRFR5B9127E4BDFB,W8r1LuGwd932W3Zq,17,17,17,0,17,SELESAI
DTFRD2F28E33795E,TRFRD33C6B01B53E,W8r1LuGwd932W3Zq,18,18,18,0,18,SELESAI
DTFR2512ED083B63,TRFRC42875C10E87,4aCSBjQPd3TzFd90,37,37,37,0,37,SELESAI
DTFR910209D014E7,TRFR47F647B6DD94,W8r1LuGwd932W3Zq,20,20,20,0,20,SELESAI
DTFR2EA662444962,TRFR0543E8F6A7B2,W8r1LuGwd932W3Zq,19,19,19,0,19,SELESAI
DTFR731EC6E2C8F1,TRFR161D71BB3545,4aCSBjQPd3TzFd90,38,38,38,0,38,SELESAI
DTFRAEF8DE918C1A,TRFR237C4FE2AD10,W8r1LuGwd932W3Zq,20,20,20,0,20,SELESAI
DTFR47729066A858,TRFR1C82EE1287DB,4aCSBjQPd3TzFd90,37,37,37,0,37,SELESAI
DTFR0F46E6DF7B84,TRFR249DD2CC9114,W8r1LuGwd932W3Zq,20,20,20,0,20,SELESAI
DTFR6DAC88DE47F7,TRFRCF4205C83A50,W8r1LuGwd932W3Zq,17,17,17,0,17,SELESAI
DTFR3FC287390B9D,TRFR7BE5B6D9A727,W8r1LuGwd932W3Zq,16,16,16,0,16,SELESAI
DTFR258C6C5D0031,TRFR648D47F52030,W8r1LuGwd932W3Zq,18,18,18,0,18,SELESAI
DTFR9CA8CEBA39D0,TRFR16BCA23894DF,W8r1LuGwd932W3Zq,20,20,20,0,20,SELESAI
DTFR2E3656DEF690,TRFR1C851E8C6D33,W8r1LuGwd932W3Zq,18,18,18,0,18,SELESAI
DTFRA25E29AFFE4D,TRFR181C8A08AC12,W8r1LuGwd932W3Zq,18,18,18,0,18,SELESAI
DTFR3304BF9B0ABC,TRFR32CC99ACE722,W8r1LuGwd932W3Zq,20,20,20,0,20,SELESAI
DTFR543272311EF5,TRFR1C8E49FB04AF,W8r1LuGwd932W3Zq,16,16,16,0,16,SELESAI
DTFR1E9924D072DA,TRFR388A59E2D0E0,W8r1LuGwd932W3Zq,19,19,19,0,19,SELESAI
DTFR3D3E7A92E1DF,TRFR429F8CDA2D29,W8r1LuGwd932W3Zq,19,19,19,0,19,SELESAI
DTFR5F702AFD8CCF,TRFRB787FE1E786C,W8r1LuGwd932W3Zq,18,18,18,0,18,SELESAI
DTFRF05014F5E893,TRFRA3E792249C68,W8r1LuGwd932W3Zq,17,17,17,0,17,SELESAI
DTFRD5228D3ED9E0,TRFRB626124EC198,4aCSBjQPd3TzFd90,38,38,38,0,38,SELESAI
DTFRA2EB2F7B3A9E,TRFR1258AF2BDF4D,W8r1LuGwd932W3Zq,18,18,18,0,18,SELESAI
DTFRBFF75DC93BAA,TRFRB7305A73B75B,W8r1LuGwd932W3Zq,17,17,17,0,17,SELESAI
DTFRFF04B3536513,TRFR1E4C446A6993,4aCSBjQPd3TzFd90,37,37,37,0,37,SELESAI
DTFRCBEA77370EC4,TRFR0E6944B5DD37,W8r1LuGwd932W3Zq,20,20,20,0,20,SELESAI
DTFRA7AE0A87AFCA,TRFRAFB4D99F9547,W8r1LuGwd932W3Zq,20,20,20,0,20,SELESAI
DTFR5D6431E501B6,TRFRDDA2EB98ACCC,4aCSBjQPd3TzFd90,38,38,38,0,38,SELESAI
DTFR6A628CDA1950,TRFR10436746A2A1,W8r1LuGwd932W3Zq,18,18,18,0,18,SELESAI
DTFRBB2A44D0DFE2,TRFR4545D127EA99,W8r1LuGwd932W3Zq,20,20,20,0,20,SELESAI
DTFR67AE34392BFD,TRFR3C693C9E81C2,W8r1LuGwd932W3Zq,19,19,19,0,19,SELESAI
DTFRF0190F4C614D,TRFR12225381F7B5,W8r1LuGwd932W3Zq,18,18,18,0,18,SELESAI
DTFRE4E284581E0B,TRFRC72CD8776D84,W8r1LuGwd932W3Zq,17,17,17,0,17,SELESAI
DTFR402519C9A873,TRFR372E8F3597D4,W8r1LuGwd932W3Zq,16,16,16,0,16,SELESAI
DTFR60A898F7B59B,TRFR3EC7D93B88AE,W8r1LuGwd932W3Zq,20,20,20,0,20,SELESAI
DTFR63FADD8942FA,TRFR0E72B945E4F2,W8r1LuGwd932W3Zq,16,16,16,0,16,SELESAI
DTFRF50F420C1B91,TRFR7D9E2E1368C5,W8r1LuGwd932W3Zq,19,19,19,0,19,SELESAI
DTFR664C375D4045,TRFRB1FA9BD28BC7,W8r1LuGwd932W3Zq,12,12,12,0,12,SELESAI
DTFR6EF92045D79F,TRFR8F0C6052D8E2,W8r1LuGwd932W3Zq,19,19,19,0,19,SELESAI
DTFRE7D8B200B629,TRFRC1DE55D9E920,W8r1LuGwd932W3Zq,20,20,20,0,20,SELESAI
DTFRD810892B545F,TRFRF20A79C7ACC8,4aCSBjQPd3TzFd90,37,37,37,0,37,SELESAI
DTFR93FD95FBFD80,TRFRB4607589A083,W8r1LuGwd932W3Zq,20,20,20,0,20,SELESAI
DTFRDC2D8B08E71C,TRFR84EB4624F083,4aCSBjQPd3TzFd90,38,38,38,0,38,SELESAI
DTFRE22C25FD6C35,TRFR51E53D9B0BDC,4aCSBjQPd3TzFd90,40,40,40,0,40,SELESAI
DTFR66E92AB4E990,TRFR6DF8C8C9C9F3,W8r1LuGwd932W3Zq,17,17,17,0,17,SELESAI
DTFR2183D874AD95,TRFR4EA9BD7AD90B,W8r1LuGwd932W3Zq,18,18,18,0,18,SELESAI
DTFR6232CE75CD36,TRFRD889A76F58C5,W8r1LuGwd932W3Zq,6,6,6,0,6,SELESAI
DTFR262CEA96FA95,TRFR4A84DD82BC81,W8r1LuGwd932W3Zq,17,17,17,0,17,SELESAI
DTFRA97D0CC73EE7,TRFR60556868766F,W8r1LuGwd932W3Zq,17,17,17,0,17,SELESAI
DTFR2C16E2D22EF9,TRFR7E5769FDF76C,W8r1LuGwd932W3Zq,19,19,19,0,19,SELESAI
DTFRD293F30E5B16,TRFR8F91DD463FF0,W8r1LuGwd932W3Zq,19,19,19,0,19,SELESAI
DTFRA634C9E8E2C0,TRFR1E0572C977DE,W8r1LuGwd932W3Zq,17,17,17,0,17,SELESAI
DTFR73080FEEA04E,TRFR49CBD2F760E3,W8r1LuGwd932W3Zq,19,19,19,0,19,SELESAI
DTFRB4E9A3C8841A,TRFR6BF7BFDCCF5E,W8r1LuGwd932W3Zq,16,16,16,0,16,SELESAI
DTFRC13122964C90,TRFRC01AE5D8CEFE,W8r1LuGwd932W3Zq,20,20,20,0,20,SELESAI
DTFRD0FD58882082,TRFRFEBA642C832D,W8r1LuGwd932W3Zq,20,20,20,0,20,SELESAI
DTFR53D3F2AFAEE7,TRFRAF20E11FD24A,4aCSBjQPd3TzFd90,39,39,39,0,39,SELESAI
DTFRDAACA9C7B7BB,TRFRB6CF54CA915C,W8r1LuGwd932W3Zq,17,17,17,0,17,SELESAI
DTFR568D88C883E6,TRFR69124D488FEF,W8r1LuGwd932W3Zq,17,17,17,0,17,SELESAI
DTFR7638C4ACC209,TRFR1ADBF3094B52,W8r1LuGwd932W3Zq,20,20,20,0,20,SELESAI
DTFRED39BF3B659A,TRFRD1B68A0D475E,4aCSBjQPd3TzFd90,37,37,37,0,37,SELESAI
DTFR281A3860DF9D,TRFRB6B26450A860,W8r1LuGwd932W3Zq,17,17,17,0,17,SELESAI
DTFR1C7107FBF16A,TRFR8E1F9C96DDA6,W8r1LuGwd932W3Zq,20,20,20,0,20,SELESAI
DTFR9514B9E9519E,TRFR94B46517B190,W8r1LuGwd932W3Zq,20,20,20,0,20,SELESAI
DTFRE283EDE71FC4,TRFREA63FC3DD23F,4aCSBjQPd3TzFd90,39,39,39,0,39,SELESAI
DTFRDC571134F5B8,TRFREACBEFF1601D,W8r1LuGwd932W3Zq,20,20,20,0,20,SELESAI
DTFR6267B2D9C1F7,TRFR2D1A355B883B,W8r1LuGwd932W3Zq,18,18,18,0,18,SELESAI
DTFR851F7444048A,TRFR48E96A7744DB,W8r1LuGwd932W3Zq,19,19,19,0,19,SELESAI
DTFRE3991878C03F,TRFR1B65FC15ABE9,W8r1LuGwd932W3Zq,20,20,20,0,20,SELESAI
DTFR44821267A446,TRFRB2FF05884833,W8r1LuGwd932W3Zq,17,17,17,0,17,SELESAI
DTFR060832B9CE4D,TRFRF6EB89EF0F9F,W8r1LuGwd932W3Zq,17,17,17,0,17,SELESAI
DTFR9403205B93BB,TRFR3F1C4D7D2420,W8r1LuGwd932W3Zq,17,17,17,0,17,SELESAI
DTFR57E2971FDF99,TRFREB8D9EE17946,W8r1LuGwd932W3Zq,20,20,20,0,20,SELESAI
DTFR8C841DDECFA0,TRFR8A922DD11B69,4aCSBjQPd3TzFd90,36,36,36,0,36,SELESAI
DTFRF11FA0E8CE57,TRFRB41697987204,W8r1LuGwd932W3Zq,18,18,18,0,18,SELESAI
DTFR359FD91871B6,TRFRFB0B5568B028,W8r1LuGwd932W3Zq,20,20,20,0,20,SELESAI
DTFRB3E5B6AF5DCD,TRFRD22A03D73284,W8r1LuGwd932W3Zq,20,20,20,0,20,SELESAI
DTFR304F67487A73,TRFR1EBF7382AFAA,4aCSBjQPd3TzFd90,36,36,36,0,36,SELESAI
DTFRD27C08A2B56D,TRFRFE01B83206AF,W8r1LuGwd932W3Zq,16,16,16,0,16,SELESAI
DTFRF39BDE5D3BE3,TRFRA12C93B62C40,W8r1LuGwd932W3Zq,17,17,17,0,17,SELESAI
DTFRB59EC9AE0DB2,TRFR04E823FF1B61,W8r1LuGwd932W3Zq,20,20,20,0,20,SELESAI
DTFR397E52AD4774,TRFRD0481FB4FE8B,4aCSBjQPd3TzFd90,38,38,38,0,38,SELESAI
DTFR72E04728DD65,TRFR1743DED5FC72,W8r1LuGwd932W3Zq,18,18,18,0,18,SELESAI
DTFR1C07E56DB9F1,TRFR7132A307228C,W8r1LuGwd932W3Zq,17,17,17,0,17,SELESAI
DTFR46BF235BDF2E,TRFRB614F3188F09,W8r1LuGwd932W3Zq,20,20,20,0,20,SELESAI
DTFRCB095C97E4D3,TRFREEAD0321A68A,W8r1LuGwd932W3Zq,16,16,16,0,16,SELESAI
DTFR3CD8E876D10B,TRFRE135D7E62650,W8r1LuGwd932W3Zq,19,19,19,0,19,SELESAI
DTFR152092EC70D6,TRFR76FC7E4F3B79,W8r1LuGwd932W3Zq,17,17,17,0,17,SELESAI
DTFR6CCF613EC30C,TRFRED34A99F3386,W8r1LuGwd932W3Zq,16,16,16,0,16,SELESAI
DTFR474E7B5256D9,TRFR5667618857BB,W8r1LuGwd932W3Zq,18,18,18,0,18,SELESAI
DTFRCD4D487CE4E4,TRFRDADC524F3DA1,W8r1LuGwd932W3Zq,16,16,16,0,16,SELESAI
DTFR1E0A1B35D747,TRFR2B18CB708BF4,4aCSBjQPd3TzFd90,37,37,37,0,37,SELESAI
DTFR6374875E0E20,TRFR885D1296C79E,W8r1LuGwd932W3Zq,20,20,20,0,20,SELESAI
DTFRC9A7A9D14C27,TRFRCC357A6E2B58,W8r1LuGwd932W3Zq,16,16,16,0,16,SELESAI
DTFRB6187758C78F,TRFRD71A9A3F4C5D,4aCSBjQPd3TzFd90,38,38,38,0,38,SELESAI
DTFR08132F5D019D,TRFR4C6D56C4125B,W8r1LuGwd932W3Zq,18,18,18,0,18,SELESAI
DTFR0E16BDAE79E9,TRFR5EF5525A5C99,W8r1LuGwd932W3Zq,18,18,18,0,18,SELESAI
DTFR4FBA955C2F6F,TRFRFCC14478F612,W8r1LuGwd932W3Zq,16,16,16,0,16,SELESAI
DTFR3A6880FAC5A5,TRFR5DC2643703F2,W8r1LuGwd932W3Zq,16,16,16,0,16,SELESAI
DTFRB4BDB6F55971,TRFRC85090D4F56D,4aCSBjQPd3TzFd90,37,37,37,0,37,SELESAI
DTFR835ED14EF8CD,TRFR0CE44367CFC5,W8r1LuGwd932W3Zq,16,16,16,0,16,SELESAI
DTFR813A534D1446,TRFR4791A811F50F,W8r1LuGwd932W3Zq,19,19,19,0,19,SELESAI
DTFR23E35E254E75,TRFRE543A3D26C33,W8r1LuGwd932W3Zq,19,19,19,0,19,SELESAI
DTFRBD45B1B82CB5,TRFRA185C7DAC82B,W8r1LuGwd932W3Zq,20,20,20,0,20,SELESAI
DTFRA26B1D98B803,TRFRCD62A1270EFA,W8r1LuGwd932W3Zq,18,18,18,0,18,SELESAI
DTFRFC34F818277D,TRFRFD42588A0ABA,W8r1LuGwd932W3Zq,20,20,20,0,20,SELESAI
DTFR3C67D7CAA4E5,TRFRBFA5D0545819,W8r1LuGwd932W3Zq,16,16,16,0,16,SELESAI
DTFR0F59F5C9FBFC,TRFRD440F7BAA00B,W8r1LuGwd932W3Zq,16,16,16,0,16,SELESAI
DTFRC7AE8527B532,TRFREA16F48EE17B,W8r1LuGwd932W3Zq,16,16,16,0,16,SELESAI
DTFR003E52FF2084,TRFRF9DD4659C06F,4aCSBjQPd3TzFd90,38,38,38,0,38,SELESAI
DTFR8B37AD25FE82,TRFR945AE4CE57D6,W8r1LuGwd932W3Zq,17,17,17,0,17,SELESAI
DTFRC533B72FE516,TRFR94E31637EB09,W8r1LuGwd932W3Zq,19,19,19,0,19,SELESAI
DTFRCC5BD5BB193E,TRFR36ACF720EA9D,W8r1LuGwd932W3Zq,17,17,17,0,17,SELESAI
DTFR978B391C5986,TRFRA0D8471470B8,4aCSBjQPd3TzFd90,38,38,38,0,38,SELESAI
DTFR8CC495E78A39,TRFRFCB000F22A9D,W8r1LuGwd932W3Zq,19,19,19,0,19,SELESAI
DTFRE831D54FA92E,TRFR11B90CD7E5CB,W8r1LuGwd932W3Zq,19,19,19,0,19,SELESAI
DTFREFE5A686BD0A,TRFR7A626E5E1053,W8r1LuGwd932W3Zq,20,20,20,0,20,SELESAI
DTFRF47CF6126952,TRFR2E0EF23CA006,W8r1LuGwd932W3Zq,20,20,20,0,20,SELESAI
DTFRDCD0C17DEA46,TRFR148663F7E821,W8r1LuGwd932W3Zq,20,20,20,0,20,SELESAI
DTFR6E675B5FABBC,TRFR2BF11C440999,W8r1LuGwd932W3Zq,18,18,18,0,18,SELESAI
DTFR7AD6435E13BD,TRFR80FA1DEB67CC,4aCSBjQPd3TzFd90,37,37,37,0,37,SELESAI
DTFRCF84B1776A1C,TRFR2968E6CAEDA6,W8r1LuGwd932W3Zq,18,18,18,0,18,SELESAI
DTFRF5F8F4EC7A46,TRFRB80CF789A662,W8r1LuGwd932W3Zq,18,18,18,0,18,SELESAI
DTFR126C5F83A877,TRFRDEC0D833D2AA,W8r1LuGwd932W3Zq,17,17,17,0,17,SELESAI
DTFR04C6CD14937B,TRFR2358D3289FFB,W8r1LuGwd932W3Zq,19,19,19,0,19,SELESAI
DTFRE2FC5FBB78AF,TRFRD0FBF9774012,4aCSBjQPd3TzFd90,37,37,37,0,37,SELESAI
DTFR6CF5ED12F476,TRFR8A43A29756DD,W8r1LuGwd932W3Zq,17,17,17,0,17,SELESAI
DTFRF2DE73786203,TRFR534984BCC701,W8r1LuGwd932W3Zq,20,20,20,0,20,SELESAI
DTFR76AD34CECC78,TRFR47730E509A5E,W8r1LuGwd932W3Zq,19,19,19,0,19,SELESAI
DTFR9332E169D411,TRFR4E6CA1494187,4aCSBjQPd3TzFd90,37,37,37,0,37,SELESAI
DTFR41860058ABA0,TRFR9C3D92F5AD68,W8r1LuGwd932W3Zq,16,16,16,0,16,SELESAI
DTFRBE6629E2F147,TRFR334248DBD089,W8r1LuGwd932W3Zq,18,18,18,0,18,SELESAI
DTFR52B4DF0CE76E,TRFRCD2D3955A729,W8r1LuGwd932W3Zq,16,16,16,0,16,SELESAI
DTFR472DA71481FE,TRFR7922A3F1BACE,W8r1LuGwd932W3Zq,16,16,16,0,16,SELESAI
DTFR7B7B5DF890DA,TRFR984128F608C0,W8r1LuGwd932W3Zq,18,18,18,0,18,SELESAI
DTFR052F72527C7C,TRFRD1988946CF25,W8r1LuGwd932W3Zq,19,19,19,0,19,SELESAI
DTFR68CB006A9E75,TRFR99CE2B10B677,W8r1LuGwd932W3Zq,17,17,17,0,17,SELESAI
DTFR3435FE48CEF9,TRFRB13A07310142,W8r1LuGwd932W3Zq,16,16,16,0,16,SELESAI
DTFR5A4D2565C352,TRFR44476E1A3121,W8r1LuGwd932W3Zq,20,20,20,0,20,SELESAI
DTFR9E4ACE37BC14,TRFR3E683A845E24,W8r1LuGwd932W3Zq,18,18,18,0,18,SELESAI
DTFRC2A776F2AA39,TRFR80D601E41E94,4aCSBjQPd3TzFd90,38,38,38,0,38,SELESAI
DTFR94876F82C16B,TRFR3034E946F2A3,4aCSBjQPd3TzFd90,13,13,13,0,13,SELESAI
DTFR4FC7EBC28635,TRFR4DDFCEDDBB3E,W8r1LuGwd932W3Zq,20,20,20,0,20,SELESAI
DTFR9E968A36D3A9,TRFR6E94093D9831,W8r1LuGwd932W3Zq,16,16,16,0,16,SELESAI
DTFR061D2B02F5AC,TRFR11EED28AC22C,W8r1LuGwd932W3Zq,18,18,18,0,18,SELESAI
DTFRBCCE1F206179,TRFR066A0C37ADBB,W8r1LuGwd932W3Zq,16,16,16,0,16,SELESAI
DTFR14F752B85736,TRFRB457BD2CF82C,4aCSBjQPd3TzFd90,38,38,38,0,38,SELESAI
DTFRE97DF9CE4077,TRFRFDBE30930177,W8r1LuGwd932W3Zq,16,16,16,0,16,SELESAI
DTFRE2D0ED47FAE0,TRFRF90A5FD07C73,W8r1LuGwd932W3Zq,18,18,18,0,18,SELESAI
DTFR0EFAE380994A,TRFR0E2031B867D7,4aCSBjQPd3TzFd90,38,38,38,0,38,SELESAI
DTFR973DF43B7083,TRFR895199B4F1C4,W8r1LuGwd932W3Zq,17,17,17,0,17,SELESAI
DTFRFAD031EF5999,TRFR0A099A794398,W8r1LuGwd932W3Zq,17,17,17,0,17,SELESAI
DTFR65A1659C6A03,TRFR7A736011708B,W8r1LuGwd932W3Zq,20,20,20,0,20,SELESAI
DTFRA9D228EED40B,TRFR14E90418E09B,W8r1LuGwd932W3Zq,18,18,18,0,18,SELESAI
DTFR0DE75718EEAC,TRFRAA24C5C8C925,W8r1LuGwd932W3Zq,20,20,20,0,20,SELESAI
DTFRBDC481D9565E,TRFR96B074D109A9,W8r1LuGwd932W3Zq,20,20,20,0,20,SELESAI
DTFR46EB7F55E7D6,TRFR4EB6C0BA5CC6,W8r1LuGwd932W3Zq,20,20,20,0,20,SELESAI
DTFR6BD468113D3F,TRFR7585F8003B8E,W8r1LuGwd932W3Zq,17,17,17,0,17,SELESAI
DTFR13FB46A3ACB8,TRFRF62D9DD50B08,W8r1LuGwd932W3Zq,20,20,20,0,20,SELESAI
DTFRF3EF5CF46E7D,TRFR33AE3BDE689B,W8r1LuGwd932W3Zq,17,17,17,0,17,SELESAI
DTFRDD0D95E09F27,TRFRCC98AC3EA59D,4aCSBjQPd3TzFd90,37,37,37,0,37,SELESAI
DTFR2F91F28A530A,TRFR4460A11BC40D,4aCSBjQPd3TzFd90,37,37,37,0,37,SELESAI
DTFR6CAC77A584CE,TRFR925586184AEF,W8r1LuGwd932W3Zq,20,20,20,0,20,SELESAI
DTFR962FF2BCEBEB,TRFRBECE87352365,W8r1LuGwd932W3Zq,16,16,16,0,16,SELESAI
DTFRB8A6BBB30674,TRFR6FF0D76BAF3D,W8r1LuGwd932W3Zq,20,20,20,0,20,SELESAI
DTFR4E9909A25893,TRFR36ADE6D1CCE4,4aCSBjQPd3TzFd90,39,39,39,0,39,SELESAI
DTFR24622CFD01E8,TRFR4E70CD25DA2F,W8r1LuGwd932W3Zq,19,19,19,0,19,SELESAI
DTFR94ADACD6423D,TRFR9E8ABAB8F95B,W8r1LuGwd932W3Zq,17,17,17,0,17,SELESAI
DTFRC34E00182F4C,TRFR6D8781E0224E,W8r1LuGwd932W3Zq,20,20,20,0,20,SELESAI
DTFR1A4316C5E37B,TRFRE121E94C7810,W8r1LuGwd932W3Zq,20,20,20,0,20,SELESAI
DTFR1F39351DB032,TRFR1BD07E2DCF0B,W8r1LuGwd932W3Zq,17,17,17,0,17,SELESAI
DTFRCF033615ADB3,TRFRB6C5EED63C47,W8r1LuGwd932W3Zq,15,15,15,0,15,SELESAI
DTFR6466034E0104,TRFR4BEC1A4B9B3D,W8r1LuGwd932W3Zq,16,16,16,0,16,SELESAI
DTFR22E7BD3EB474,TRFR642221192869,W8r1LuGwd932W3Zq,20,20,20,0,20,SELESAI
DTFR8BDBBFF55D1F,TRFRAAECE0B0C1F2,W8r1LuGwd932W3Zq,16,16,16,0,16,SELESAI
DTFR516BB3AB43DF,TRFREC8CC75E6E5B,W8r1LuGwd932W3Zq,16,16,16,0,16,SELESAI
DTFR3A8EFB9476F8,TRFR708511A023F7,W8r1LuGwd932W3Zq,16,16,16,0,16,SELESAI
DTFRB98A3B3B7CE5,TRFR74E3AA1AF4DB,W8r1LuGwd932W3Zq,17,17,17,0,17,SELESAI
DTFRD2A6B03EA6A8,TRFR4DF378529465,4aCSBjQPd3TzFd90,37,37,37,0,37,SELESAI
DTFR9CA85094EE32,TRFR95BF9A268E2A,W8r1LuGwd932W3Zq,16,16,16,0,16,SELESAI
DTFRA9F4A7C0E2F5,TRFR839A7302C693,4aCSBjQPd3TzFd90,37,37,37,0,37,SELESAI
DTFR71420A440400,TRFR36BC6925385E,W8r1LuGwd932W3Zq,18,18,18,0,18,SELESAI
DTFRCAE47B9B6CC2,TRFR62946DEB48D5,4aCSBjQPd3TzFd90,37,37,37,0,37,SELESAI
DTFR4A1192F7608C,TRFR4020368F29B4,W8r1LuGwd932W3Zq,20,20,20,0,20,SELESAI
DTFRD73AAA135EC7,TRFR72383B85F930,W8r1LuGwd932W3Zq,20,20,20,0,20,SELESAI
DTFRA507780D2A0A,TRFR20D48F42999A,W8r1LuGwd932W3Zq,18,18,18,0,18,SELESAI
DTFR0AE9D2E6BFBE,TRFR7AB27705A1CE,W8r1LuGwd932W3Zq,16,16,16,0,16,SELESAI
DTFRD3B1E9D033A1,TRFRA4E7596F83A9,W8r1LuGwd932W3Zq,19,19,19,0,19,SELESAI
DTFR444E26A1779A,TRFRE4B16047E567,W8r1LuGwd932W3Zq,20,20,20,0,20,SELESAI
DTFREEC402BC00BB,TRFR6876E211468A,W8r1LuGwd932W3Zq,20,20,20,0,20,SELESAI
DTFRF34A3BC993F3,TRFR887424F2694C,W8r1LuGwd932W3Zq,16,16,16,0,16,SELESAI
DTFR9E09A7CBA1CA,TRFR350BF16A1A99,W8r1LuGwd932W3Zq,9,9,9,0,9,SELESAI
DTFRB0883BBA4C41,TRFRAC597C0BA976,W8r1LuGwd932W3Zq,17,17,17,0,17,SELESAI
DTFR62173B7BF8DA,TRFR963C8CC62AB8,4aCSBjQPd3TzFd90,38,38,38,0,38,SELESAI
DTFR75E02827B73E,TRFR288A6FB1BDE0,W8r1LuGwd932W3Zq,18,18,18,0,18,SELESAI
DTFR14F00BB50F34,TRFRBFF8898B82E8,W8r1LuGwd932W3Zq,16,16,16,0,16,SELESAI
DTFR1F1FEF47259C,TRFRF6C49B200B6F,W8r1LuGwd932W3Zq,19,19,19,0,19,SELESAI
DTFRC7B14A3C1192,TRFREEEE37C00156,W8r1LuGwd932W3Zq,16,16,16,0,16,SELESAI
DTFRFA5F170B8A34,TRFRC4990335278C,4aCSBjQPd3TzFd90,38,38,38,0,38,SELESAI
DTFRD6912BB92A7C,TRFR838C3689B0A3,W8r1LuGwd932W3Zq,17,17,17,0,17,SELESAI
DTFR04FE20E9516D,TRFR919A1CB32644,W8r1LuGwd932W3Zq,19,19,19,0,19,SELESAI
DTFR7A751671D329,TRFRA4BCE4766AB2,4aCSBjQPd3TzFd90,40,40,40,0,40,SELESAI
DTFRE078062AC271,TRFRBCB2F963C301,W8r1LuGwd932W3Zq,19,19,19,0,19,SELESAI
DTFR7CF5A6FC7441,TRFR8043042232A4,W8r1LuGwd932W3Zq,17,17,17,0,17,SELESAI
DTFRA5A3D0DE5857,TRFRA2A37F48A6B6,W8r1LuGwd932W3Zq,19,19,19,0,19,SELESAI
DTFR367B57068D48,TRFR771E53599CF5,W8r1LuGwd932W3Zq,19,19,19,0,19,SELESAI
DTFR2CEA968E600C,TRFRAC6A9E2C7280,W8r1LuGwd932W3Zq,20,20,20,0,20,SELESAI
DTFRF84131CC6B36,TRFR403D0623F8AA,W8r1LuGwd932W3Zq,17,17,17,0,17,SELESAI
DTFR4910A2B3B56F,TRFR2CA33C389E03,W8r1LuGwd932W3Zq,20,20,20,0,20,SELESAI
DTFR79942669C0AD,TRFR42D8472CF04F,W8r1LuGwd932W3Zq,17,17,17,0,17,SELESAI
DTFRFCDCE27F10F4,TRFR7531178F6888,4aCSBjQPd3TzFd90,37,37,37,0,37,SELESAI
DTFRAC39F2C0C2FF,TRFR3CC70DB66CA3,W8r1LuGwd932W3Zq,16,16,16,0,16,SELESAI
DTFR3F5499D7285A,TRFR15B3F13EFA45,W8r1LuGwd932W3Zq,18,18,18,0,18,SELESAI
DTFRDB33B676F85E,TRFR094E6246EE96,W8r1LuGwd932W3Zq,20,20,20,0,20,SELESAI
DTFR2A5E993A12A3,TRFR63ED341293CB,W8r1LuGwd932W3Zq,17,17,17,0,17,SELESAI
DTFR06EC7E8D85C3,TRFR1EDB6ACBFFE3,W8r1LuGwd932W3Zq,20,20,20,0,20,SELESAI
DTFR074CF9533674,TRFR1C4FB24B3557,W8r1LuGwd932W3Zq,20,20,20,0,20,SELESAI
DTFRC6F604F7DD42,TRFR7894F89464A0,4aCSBjQPd3TzFd90,38,38,38,0,38,SELESAI
DTFR263FD5EEE9C6,TRFRD0F92116760D,W8r1LuGwd932W3Zq,16,16,16,0,16,SELESAI
DTFR7ED5F4B42D7F,TRFRC682ED60161D,W8r1LuGwd932W3Zq,18,18,18,0,18,SELESAI
DTFRDE36B3EE7B93,TRFR160D4F7CE571,4aCSBjQPd3TzFd90,38,38,38,0,38,SELESAI
DTFRC5486B0364B7,TRFR3A4DF557295A,W8r1LuGwd932W3Zq,19,19,19,0,19,SELESAI
DTFR8BDB4F09674F,TRFRB2039D6E842E,W8r1LuGwd932W3Zq,18,18,18,0,18,SELESAI
DTFR973BBF0AAD2D,TRFRBF9FF0DF65B3,W8r1LuGwd932W3Zq,18,18,18,0,18,SELESAI
DTFR7B25FBEA9123,TRFR464A07E4F789,W8r1LuGwd932W3Zq,16,16,16,0,16,SELESAI
DTFR2DC63E4D8336,TRFRB3FBE803FF2F,W8r1LuGwd932W3Zq,16,16,16,0,16,SELESAI
DTFR3F115B619BC0,TRFRA80EB1839C40,4aCSBjQPd3TzFd90,38,38,38,0,38,SELESAI
DTFR21A78F045EEB,TRFR28848F84C256,W8r1LuGwd932W3Zq,16,16,16,0,16,SELESAI
DTFRCB32A8414A0E,TRFR0C4981454DD4,W8r1LuGwd932W3Zq,17,17,17,0,17,SELESAI
DTFR77223F320A13,TRFRC16AE121A5A0,W8r1LuGwd932W3Zq,19,19,19,0,19,SELESAI
DTFR6532A45B5344,TRFR1E272AEEC71B,W8r1LuGwd932W3Zq,19,19,19,0,19,SELESAI
DTFR384BA4FBB370,TRFR9D8213B2066D,W8r1LuGwd932W3Zq,20,20,20,0,20,SELESAI
DTFRD1DAD7CD50E1,TRFR8467125D2749,W8r1LuGwd932W3Zq,18,18,18,0,18,SELESAI
DTFR10738AE675DC,TRFR8B9F41E184D9,W8r1LuGwd932W3Zq,20,20,20,0,20,SELESAI
DTFR387F63D919DF,TRFRF42064BBCED5,4aCSBjQPd3TzFd90,37,37,37,0,37,SELESAI
DTFRDB234D13F855,TRFR0CB6863CD5CE,W8r1LuGwd932W3Zq,18,18,18,0,18,SELESAI
DTFR89BD5CE494D1,TRFRC3D4AC8BAE20,W8r1LuGwd932W3Zq,20,20,20,0,20,SELESAI
DTFRDD2DB43CB871,TRFR5233E1546881,4aCSBjQPd3TzFd90,38,38,38,0,38,SELESAI
DTFRDC1DC039E034,TRFR90907E0073ED,W8r1LuGwd932W3Zq,20,20,20,0,20,SELESAI
DTFR624D9F40E5F7,TRFR62F59C24E6B1,W8r1LuGwd932W3Zq,16,16,16,0,16,SELESAI
DTFR91C4793E650D,TRFRC4A615CADF40,W8r1LuGwd932W3Zq,17,17,17,0,17,SELESAI
DTFR7433D437EA8C,TRFR3FA9E2AB2B35,W8r1LuGwd932W3Zq,18,18,18,0,18,SELESAI
DTFR5F4C5F58AABD,TRFR0ED38E5D4A69,W8r1LuGwd932W3Zq,16,16,16,0,16,SELESAI
DTFRE4FCE37A9FD2,TRFR460BFA2A6F7D,W8r1LuGwd932W3Zq,18,18,18,0,18,SELESAI
DTFRE7059B0EFDDC,TRFR55A55CA348DA,W8r1LuGwd932W3Zq,16,16,16,0,16,SELESAI
DTFR78D4761FFFA0,TRFR698D3ADEEB8E,4aCSBjQPd3TzFd90,40,40,40,0,40,SELESAI
DTFR914234A4C276,TRFR3E576E77144E,W8r1LuGwd932W3Zq,20,20,20,0,20,SELESAI
DTFR7556A4B5F787,TRFRF34C8856DA85,W8r1LuGwd932W3Zq,17,17,17,0,17,SELESAI
DTFR678118072CEC,TRFR2897B9221615,W8r1LuGwd932W3Zq,19,19,19,0,19,SELESAI
DTFR13CA77AD3A69,TRFR14093B76324A,W8r1LuGwd932W3Zq,19,19,19,0,19,SELESAI
DTFR1D2EEB02AB2E,TRFRDC7ADF33D22F,4aCSBjQPd3TzFd90,37,37,37,0,37,SELESAI
DTFRAAC4F9CA3A9E,TRFR76B5C55FBBE4,W8r1LuGwd932W3Zq,18,18,18,0,18,SELESAI
DTFREC749111A2AD,TRFR2122AE1CDDAD,W8r1LuGwd932W3Zq,19,19,19,0,19,SELESAI
DTFR944C17A17F97,TRFRCDFECE45EFFC,4aCSBjQPd3TzFd90,37,37,37,0,37,SELESAI
DTFR12D76BF28402,TRFRB1C8C9189F51,W8r1LuGwd932W3Zq,20,20,20,0,20,SELESAI
DTFRDD4D058B8686,TRFR6752AC20E578,W8r1LuGwd932W3Zq,20,20,20,0,20,SELESAI
DTFR38F1C5288A69,TRFR22A9048AD019,W8r1LuGwd932W3Zq,18,18,18,0,18,SELESAI
DTFR989E27529D6F,TRFRDB569F32D8E4,W8r1LuGwd932W3Zq,19,19,19,0,19,SELESAI
DTFR04E6872870B6,TRFRD669BDC8E7B1,W8r1LuGwd932W3Zq,19,19,19,0,19,SELESAI
DTFREF5743EA06B7,TRFR08138BCE25BF,W8r1LuGwd932W3Zq,20,20,20,0,20,SELESAI
DTFR13C797F03E66,TRFR38618EC67058,4aCSBjQPd3TzFd90,37,37,37,0,37,SELESAI
DTFR2FB4DA495BCD,TRFR63B889984BA5,W8r1LuGwd932W3Zq,15,15,15,0,15,SELESAI
DTFR3F5880635775,TRFRC8DCEC3FDA92,W8r1LuGwd932W3Zq,19,19,19,0,19,SELESAI
DTFR606A32992243,TRFR1023F49F1109,W8r1LuGwd932W3Zq,16,16,16,0,16,SELESAI
DTFR238CF670BBBD,TRFRA57C02A3DED0,4aCSBjQPd3TzFd90,38,38,38,0,38,SELESAI
DTFREC007E345019,TRFRAEE323540306,W8r1LuGwd932W3Zq,19,19,19,0,19,SELESAI
DTFR318B3F799000,TRFRD8BBF6FF9B28,W8r1LuGwd932W3Zq,20,20,20,0,20,SELESAI
DTFR0D6F1507C372,TRFRA2AE4ADD0492,W8r1LuGwd932W3Zq,16,16,16,0,16,SELESAI
DTFR900FAB027D17,TRFRE791207EDFBD,W8r1LuGwd932W3Zq,17,17,17,0,17,SELESAI
DTFRE2B9873B19B3,TRFR4F44A051AC90,W8r1LuGwd932W3Zq,18,18,18,0,18,SELESAI
DTFR78FBA734F86E,TRFRE4444B7A2B63,W8r1LuGwd932W3Zq,18,18,18,0,18,SELESAI
DTFR704EAC630452,TRFR0FB17DC92255,W8r1LuGwd932W3Zq,20,20,20,0,20,SELESAI
DTFRF65962C75A86,TRFRB100E6FA4806,4aCSBjQPd3TzFd90,38,38,38,0,38,SELESAI
DTFR8E6D1AF3D280,TRFRF8DA5167CF21,W8r1LuGwd932W3Zq,18,18,18,0,18,SELESAI
DTFR3C3DC935082E,TRFR1D896822DF9D,W8r1LuGwd932W3Zq,19,19,19,0,19,SELESAI
DTFR8E7FEAEAD67F,TRFR20C39C98CF6F,W8r1LuGwd932W3Zq,19,19,19,0,19,SELESAI
DTFRBC9999040C3B,TRFR9C1B3A1A2A54,4aCSBjQPd3TzFd90,40,40,40,0,40,SELESAI
DTFRC6617360B081,TRFR2441C897AAEA,W8r1LuGwd932W3Zq,16,16,16,0,16,SELESAI
DTFR49FBA0DC8EAA,TRFR911F0D37F364,W8r1LuGwd932W3Zq,20,20,20,0,20,SELESAI
DTFR8B9FD7B54D63,TRFRCED8DB692CB3,W8r1LuGwd932W3Zq,20,20,20,0,20,SELESAI
DTFRB586C3D487A6,TRFR707116574FEC,4aCSBjQPd3TzFd90,38,38,38,0,38,SELESAI
DTFRA1418E9ACAFD,TRFREC1A7C4B435E,W8r1LuGwd932W3Zq,17,17,17,0,17,SELESAI
DTFRA021C9D875D9,TRFR6485CC320F79,W8r1LuGwd932W3Zq,20,20,20,0,20,SELESAI
DTFR59DE008EBA39,TRFRADC84AB1795A,W8r1LuGwd932W3Zq,17,17,17,0,17,SELESAI
DTFRA5D17E6859E2,TRFRD03A4710FBA0,W8r1LuGwd932W3Zq,16,16,16,0,16,SELESAI
DTFRF2659E4D9B18,TRFRA4C6A954441F,W8r1LuGwd932W3Zq,17,17,17,0,17,SELESAI
DTFRBF315D63B672,TRFRDF5A3034534B,W8r1LuGwd932W3Zq,16,16,16,0,16,SELESAI
DTFRFD5F25177248,TRFR09210535BA3B,W8r1LuGwd932W3Zq,20,20,20,0,20,SELESAI
DTFRD46C8462FA97,TRFR6B708B5C8416,W8r1LuGwd932W3Zq,19,19,19,0,19,SELESAI
DTFR235BF5376697,TRFR657D3824C52D,4aCSBjQPd3TzFd90,39,39,39,0,39,SELESAI
DTFR493A73CEEA11,TRFR5D93BCBE7656,W8r1LuGwd932W3Zq,17,17,17,0,17,SELESAI
DTFR0254B491D2B0,TRFR9C4EDC347896,W8r1LuGwd932W3Zq,17,17,17,0,17,SELESAI
DTFRA0540E83B1F1,TRFR478A9E35E534,W8r1LuGwd932W3Zq,20,20,20,0,20,SELESAI
DTFR4FD3A3D3787F,TRFR34FA3F11A767,W8r1LuGwd932W3Zq,19,19,19,0,19,SELESAI
DTFRA9A7583E548D,TRFR8EDA194C0DC5,4aCSBjQPd3TzFd90,37,37,37,0,37,SELESAI
DTFR452B9D22BDEF,TRFRDDB3E06EDDF1,W8r1LuGwd932W3Zq,19,19,19,0,19,SELESAI
DTFR9DF812D2D5D9,TRFRB990385C24AC,4aCSBjQPd3TzFd90,38,38,38,0,38,SELESAI
DTFR53BB46E2547A,TRFR3334400D9B73,W8r1LuGwd932W3Zq,18,18,18,0,18,SELESAI
DTFR72C0C3670D62,TRFRA02D4783AAD9,W8r1LuGwd932W3Zq,20,20,20,0,20,SELESAI
DTFR7D7DE17FB2FD,TRFRC8813AEBB218,W8r1LuGwd932W3Zq,20,20,20,0,20,SELESAI
DTFR5E566819ABA4,TRFRAF01D4120E9C,W8r1LuGwd932W3Zq,20,20,20,0,20,SELESAI
DTFR9D354B72B0B1,TRFR1897383BDF39,W8r1LuGwd932W3Zq,20,20,20,0,20,SELESAI
DTFR3A17DF10A1D0,TRFR96C0A379FB93,W8r1LuGwd932W3Zq,20,20,20,0,20,SELESAI
DTFR2B33E221938F,TRFRD62B9BBB878C,W8r1LuGwd932W3Zq,20,20,20,0,20,SELESAI
DTFRCB357580BAD0,TRFR05506F93EB1B,W8r1LuGwd932W3Zq,16,16,16,0,16,SELESAI
DTFRE642EDC9110C,TRFRB9DF0B04B3E0,W8r1LuGwd932W3Zq,19,19,19,0,19,SELESAI
DTFR75E660EA5AA2,TRFRD7D8F1F9EBB1,W8r1LuGwd932W3Zq,16,16,16,0,16,SELESAI
DTFRD3505290ADD8,TRFR560F91AAD7A0,4aCSBjQPd3TzFd90,38,38,38,0,38,SELESAI
DTFRDC09E0003DBA,TRFR0518783689A1,W8r1LuGwd932W3Zq,20,20,20,0,20,SELESAI
DTFRD3A342813E27,TRFRF62085FEA684,W8r1LuGwd932W3Zq,20,20,20,0,20,SELESAI
DTFRDD7E71B0B3EB,TRFRE7BCD14F0579,W8r1LuGwd932W3Zq,18,18,18,0,18,SELESAI
DTFRE701E8BF8504,TRFRC2E9985D6CC5,W8r1LuGwd932W3Zq,17,17,17,0,17,SELESAI
DTFR99E173AAEE6E,TRFR47E11B0DB86C,W8r1LuGwd932W3Zq,20,20,20,0,20,SELESAI
DTFR18DC6CC0F67C,TRFR76D3DE9C483B,4aCSBjQPd3TzFd90,38,38,38,0,38,SELESAI
DTFRC1BA5FC295BB,TRFR826244C0C30C,4aCSBjQPd3TzFd90,38,38,38,0,38,SELESAI
DTFR7B75B2461628,TRFRDE74FD3AC3A1,W8r1LuGwd932W3Zq,20,20,20,0,20,SELESAI
DTFRCAC66E640C87,TRFR2AF501B0BB5F,W8r1LuGwd932W3Zq,18,18,18,0,18,SELESAI
DTFR5F01E802453B,TRFR81B04410BB1B,W8r1LuGwd932W3Zq,20,20,20,0,20,SELESAI
DTFRF22A43CF8EBE,TRFRB9897B80E1AA,W8r1LuGwd932W3Zq,17,17,17,0,17,SELESAI
DTFRD10F9E7EF8B5,TRFRDF6566D868DB,W8r1LuGwd932W3Zq,20,20,20,0,20,SELESAI
DTFR4CDB9277014F,TRFRC56DDC6FCDE3,W8r1LuGwd932W3Zq,18,18,18,0,18,SELESAI
DTFR5086C7D98146,TRFR044EB38D9CF7,W8r1LuGwd932W3Zq,19,19,19,0,19,SELESAI
DTFR519BA7A9464C,TRFR615865A1367E,W8r1LuGwd932W3Zq,16,16,16,0,16,SELESAI
DTFR130360504E28,TRFR96FE11FBF287,W8r1LuGwd932W3Zq,20,20,20,0,20,SELESAI
DTFR35AFA0988D0C,TRFRF45EE76E2D6B,4aCSBjQPd3TzFd90,38,38,38,0,38,SELESAI
DTFR0498F5AB0003,TRFR36A81281A5CF,W8r1LuGwd932W3Zq,20,20,20,0,20,SELESAI
DTFR4C95A04519B2,TRFRDFE7CDEF0ADA,W8r1LuGwd932W3Zq,17,17,17,0,17,SELESAI
DTFRB66A3A38894E,TRFR8D2E84AA9D73,W8r1LuGwd932W3Zq,20,20,20,0,20,SELESAI
DTFR0A190B7ECF5E,TRFR69C729196711,W8r1LuGwd932W3Zq,15,15,15,0,15,SELESAI
DTFRE0D92470A62E,TRFR3C4F51D7FF48,W8r1LuGwd932W3Zq,16,16,16,0,16,SELESAI
DTFR85A2EA19C5B5,TRFR101379760E0E,4aCSBjQPd3TzFd90,37,37,37,0,37,SELESAI
DTFRC3756953C7A2,TRFR93855F22FD3A,4aCSBjQPd3TzFd90,37,37,37,0,37,SELESAI
DTFRFE1F034468C7,TRFR1D5D5C85155A,W8r1LuGwd932W3Zq,16,16,16,0,16,SELESAI
DTFREF55B97953B1,TRFRD9A8751E2815,W8r1LuGwd932W3Zq,16,16,16,0,16,SELESAI
DTFR7AEEBEBEBCDB,TRFRC6739B54C7B3,W8r1LuGwd932W3Zq,17,17,17,0,17,SELESAI
DTFRA8EE62FA7BA2,TRFR5B044D024945,W8r1LuGwd932W3Zq,16,16,16,0,16,SELESAI
DTFR1D2F904E356F,TRFR5817F203A1F6,W8r1LuGwd932W3Zq,20,20,20,0,20,SELESAI
DTFR3749D23AB0DA,TRFRB326CDF029F7,W8r1LuGwd932W3Zq,17,17,17,0,17,SELESAI
DTFR537EEA119EE8,TRFRF1F6E28D13DB,W8r1LuGwd932W3Zq,20,20,20,0,20,SELESAI
DTFRE6170B49D2CC,TRFRE49B852C5484,W8r1LuGwd932W3Zq,20,20,20,0,20,SELESAI
DTFR14A579B3A79A,TRFR05D6EFD928A5,W8r1LuGwd932W3Zq,20,20,20,0,20,SELESAI
DTFR60B7376194FA,TRFR9880448C8E5A,W8r1LuGwd932W3Zq,18,18,18,0,18,SELESAI
DTFREAB16FE3DFE3,TRFRB3C474D327DE,W8r1LuGwd932W3Zq,18,18,18,0,18,SELESAI
DTFR4A37F105EA0D,TRFR04BE074A9CBF,4aCSBjQPd3TzFd90,39,39,39,0,39,SELESAI
DTFR78F3F81DF5CD,TRFRC9D3B6E72044,W8r1LuGwd932W3Zq,18,18,18,0,18,SELESAI
DTFR58C0DC85E811,TRFRA2EB25BFF721,W8r1LuGwd932W3Zq,17,17,17,0,17,SELESAI
DTFR588A7B219BB5,TRFR1EF4D212B08E,W8r1LuGwd932W3Zq,17,17,17,0,17,SELESAI
DTFRF7959D554C61,TRFR90861AC8474F,4aCSBjQPd3TzFd90,39,39,39,0,39,SELESAI
DTFRB34BC8D787D4,TRFRB14FC0546320,W8r1LuGwd932W3Zq,18,18,18,0,18,SELESAI
DTFR0C8EABDB016D,TRFR0A2A88EA2C34,4aCSBjQPd3TzFd90,38,38,38,0,38,SELESAI
DTFR256B92E6C83F,TRFR395FCDA0827C,W8r1LuGwd932W3Zq,20,20,20,0,20,SELESAI
DTFRA7CB95A5D2AA,TRFRCE9A8E90BC01,W8r1LuGwd932W3Zq,17,17,17,0,17,SELESAI
DTFRC1EB77FDD178,TRFR8488C2C6B0B3,W8r1LuGwd932W3Zq,16,16,16,0,16,SELESAI
DTFRD3446101E1A2,TRFR7AB9177F3EDA,W8r1LuGwd932W3Zq,20,20,20,0,20,SELESAI
DTFRD39CB160F208,TRFR38540DEC5C58,W8r1LuGwd932W3Zq,17,17,17,0,17,SELESAI
DTFR31DF4D98018B,TRFR9DEEF8B4E49E,W8r1LuGwd932W3Zq,18,18,18,0,18,SELESAI
DTFR70C968010BE1,TRFRBC49CFC1449C,W8r1LuGwd932W3Zq,20,20,20,0,20,SELESAI
DTFR8A3C01211998,TRFRAC4FB3B873C9,W8r1LuGwd932W3Zq,16,16,16,0,16,SELESAI
DTFRAA1578C4D8AD,TRFR7214A452C963,W8r1LuGwd932W3Zq,16,16,16,0,16,SELESAI
DTFR08FE6ED95D6F,TRFRE1F657E891F4,W8r1LuGwd932W3Zq,18,18,18,0,18,SELESAI
DTFR2CEB0863D985,TRFRAC760D7FAA1B,W8r1LuGwd932W3Zq,19,19,19,0,19,SELESAI
DTFRCCCA8615BD3F,TRFR14F353A97931,4aCSBjQPd3TzFd90,38,38,38,0,38,SELESAI
DTFRB6B91E50C657,TRFRFDAD8A8F2CB8,W8r1LuGwd932W3Zq,20,20,20,0,20,SELESAI
DTFRFD5C66F0D7AD,TRFRB059151BC291,W8r1LuGwd932W3Zq,20,20,20,0,20,SELESAI
DTFR628F74EC8DC4,TRFR6E1B70ACD7AD,4aCSBjQPd3TzFd90,37,37,37,0,37,SELESAI
DTFR83BFB7E54369,TRFR408A94B22F87,W8r1LuGwd932W3Zq,17,17,17,0,17,SELESAI
DTFR5AC45BA94B74,TRFR8785F580B835,4aCSBjQPd3TzFd90,37,37,37,0,37,SELESAI
DTFR2FB2073CD574,TRFR7944A8626403,W8r1LuGwd932W3Zq,16,16,16,0,16,SELESAI
DTFR00671F258A97,TRFRB7FBDC7CA460,W8r1LuGwd932W3Zq,16,16,16,0,16,SELESAI
DTFRE8562E7BACBA,TRFR7CCC5CD488C4,W8r1LuGwd932W3Zq,20,20,20,0,20,SELESAI
DTFR2D0A631C5216,TRFR4888F052D562,W8r1LuGwd932W3Zq,20,20,20,0,20,SELESAI
DTFR75A156B36587,TRFRB6000B0F367D,W8r1LuGwd932W3Zq,16,16,16,0,16,SELESAI
DTFR391141880D61,TRFRCC29E0ED17A5,W8r1LuGwd932W3Zq,19,19,19,0,19,SELESAI
DTFR1978E5A75C93,TRFR4534971177F7,W8r1LuGwd932W3Zq,20,20,20,0,20,SELESAI
DTFRA400055FA07B,TRFR9A2D804F93C1,W8r1LuGwd932W3Zq,20,20,20,0,20,SELESAI
DTFRD7EBD752EE7C,TRFRDCE8EBF6ED10,W8r1LuGwd932W3Zq,17,17,17,0,17,SELESAI
DTFR88B04E5346F8,TRFR75214B93E3A3,W8r1LuGwd932W3Zq,17,17,17,0,17,SELESAI
DTFR615A3709CF45,TRFR957A4282A8E6,W8r1LuGwd932W3Zq,18,18,18,0,18,SELESAI
DTFRC5D5155FC1E1,TRFRA56BA58A1E07,4aCSBjQPd3TzFd90,37,37,37,0,37,SELESAI
DTFR765DD89796C7,TRFRCBD7CEF26051,W8r1LuGwd932W3Zq,18,18,18,0,18,SELESAI
DTFR1B340087809B,TRFR474092A5CBB8,W8r1LuGwd932W3Zq,19,19,19,0,19,SELESAI
DTFRFBB2A5B65717,TRFR7C7F3DC9682B,4aCSBjQPd3TzFd90,37,37,37,0,37,SELESAI
DTFRE1026FAEA8D6,TRFR3AC8B96B27EC,W8r1LuGwd932W3Zq,17,17,17,0,17,SELESAI
DTFR3951B7E947B9,TRFR833C99C7586B,W8r1LuGwd932W3Zq,19,19,19,0,19,SELESAI
DTFRF5C3EA996801,TRFRE8AF881DB2AC,W8r1LuGwd932W3Zq,18,18,18,0,18,SELESAI
DTFR749B0FC07BA0,TRFR701428FA9B02,4aCSBjQPd3TzFd90,38,38,38,0,38,SELESAI
DTFR197FAABE7062,TRFR9EA8A8B1B401,W8r1LuGwd932W3Zq,17,17,17,0,17,SELESAI
DTFR95D42740D920,TRFRFA595D9DEE9E,W8r1LuGwd932W3Zq,19,19,19,0,19,SELESAI
DTFREB3954243C69,TRFR749BD144CA65,W8r1LuGwd932W3Zq,17,17,17,0,17,SELESAI
DTFR142F6D8875B9,TRFR3A16A8894B20,W8r1LuGwd932W3Zq,18,18,18,0,18,SELESAI
DTFR888969709F7A,TRFRCB61F528457F,W8r1LuGwd932W3Zq,18,18,18,0,18,SELESAI
DTFRD74FA41C769B,TRFRD83A10554FB1,W8r1LuGwd932W3Zq,19,19,19,0,19,SELESAI
DTFRB51F016F7C8C,TRFRDBD1D2A3658F,W8r1LuGwd932W3Zq,18,18,18,0,18,SELESAI
DTFRC90989FA6847,TRFRF46459D79ED1,W8r1LuGwd932W3Zq,19,19,19,0,19,SELESAI
DTFRC4D3F623CE05,TRFRE73AFA4A5451,W8r1LuGwd932W3Zq,17,17,17,0,17,SELESAI
DTFR87BD2F74F2AE,TRFR2CEAC2646680,4aCSBjQPd3TzFd90,38,38,38,0,38,SELESAI
DTFR00DE17E17541,TRFR07624ABACF5D,W8r1LuGwd932W3Zq,20,20,20,0,20,SELESAI
DTFRD5797767511C,TRFR127304BFE02B,W8r1LuGwd932W3Zq,17,17,17,0,17,SELESAI
DTFREC1554F071AE,TRFR6CE851D00805,W8r1LuGwd932W3Zq,20,20,20,0,20,SELESAI
DTFRABF99374742F,TRFR2C07F258C3DF,W8r1LuGwd932W3Zq,19,19,19,0,19,SELESAI
DTFR52AAD078C3A3,TRFR3DBFF4AC2657,W8r1LuGwd932W3Zq,19,19,19,0,19,SELESAI
DTFR5005AED2C9EF,TRFREE66DC61F323,4aCSBjQPd3TzFd90,39,39,39,0,39,SELESAI
DTFR93A76C22EFC6,TRFRFB4AF61E7DF8,W8r1LuGwd932W3Zq,15,15,15,0,15,SELESAI
DTFR91C1CADEC871,TRFR0507643809A2,4aCSBjQPd3TzFd90,38,38,38,0,38,SELESAI
DTFR3DB16273EA97,TRFR54D1CF5C0F4E,W8r1LuGwd932W3Zq,18,18,18,0,18,SELESAI
DTFR457CC4827E7F,TRFR427887674FCE,W8r1LuGwd932W3Zq,16,16,16,0,16,SELESAI
DTFR3306062F7BED,TRFR2F83F4F5599A,W8r1LuGwd932W3Zq,16,16,16,0,16,SELESAI
DTFR7B5D0712A28C,TRFR154800BE5C97,W8r1LuGwd932W3Zq,19,19,19,0,19,SELESAI
DTFRBAD8CC6099D4,TRFRB9476A70C698,W8r1LuGwd932W3Zq,16,16,16,0,16,SELESAI
DTFR58B714080AB4,TRFR0BC1AC375188,W8r1LuGwd932W3Zq,19,19,19,0,19,SELESAI
DTFR316EF0661872,TRFRBFCF56C7B7BD,W8r1LuGwd932W3Zq,20,20,20,0,20,SELESAI
DTFRAD9A37E45258,TRFR28F2FC259C6A,W8r1LuGwd932W3Zq,19,19,19,0,19,SELESAI
DTFREDC5276D5381,TRFR6544F3E68AFD,W8r1LuGwd932W3Zq,15,15,15,0,15,SELESAI
DTFR6DD89343FE6B,TRFRBC858FCC449C,W8r1LuGwd932W3Zq,19,19,19,0,19,SELESAI
DTFRADF7BC36A430,TRFR1B1457B0873E,W8r1LuGwd932W3Zq,16,16,16,0,16,SELESAI
DTFR0AA1CEA532BF,TRFR5362F0DE2280,W8r1LuGwd932W3Zq,18,18,18,0,18,SELESAI
DTFR9001BC502A1C,TRFR46B5529E94E0,W8r1LuGwd932W3Zq,18,18,18,0,18,SELESAI
DTFRC7C9E6A86719,TRFR734A9867C6DE,W8r1LuGwd932W3Zq,16,16,16,0,16,SELESAI
DTFRE07080BEC1A1,TRFRC738FCAC3AFB,4aCSBjQPd3TzFd90,37,37,37,0,37,SELESAI
DTFR2F7A776A3803,TRFRF715AE676AF5,W8r1LuGwd932W3Zq,19,19,19,0,19,SELESAI
DTFR7A063C4FE304,TRFRD09F56FECA4B,W8r1LuGwd932W3Zq,15,15,15,0,15,SELESAI
DTFR515B721900D6,TRFRF1148A5559F4,4aCSBjQPd3TzFd90,39,39,39,0,39,SELESAI
DTFRC01ADF83883E,TRFRDA8312990C00,4aCSBjQPd3TzFd90,38,38,38,0,38,SELESAI
DTFR4B8FECB6D667,TRFRBE53931AF7C3,W8r1LuGwd932W3Zq,18,18,18,0,18,SELESAI
DTFR9A1CBDF15AA4,TRFR20FD7F328D7E,W8r1LuGwd932W3Zq,18,18,18,0,18,SELESAI
DTFR116482067B2A,TRFR392AE31D8D4B,W8r1LuGwd932W3Zq,20,20,20,0,20,SELESAI
DTFR7C9320D1295E,TRFR15720BA1FA7F,W8r1LuGwd932W3Zq,17,17,17,0,17,SELESAI
DTFR2679AF98203A,TRFRBE73AADB8FE7,W8r1LuGwd932W3Zq,20,20,20,0,20,SELESAI
DTFR12A300B60D1A,TRFRD22BC414A1DC,W8r1LuGwd932W3Zq,20,20,20,0,20,SELESAI
DTFRCEA0AB13F5FB,TRFR95C245780F0C,W8r1LuGwd932W3Zq,17,17,17,0,17,SELESAI
DTFR3E958C7AA1D8,TRFR336C2486F3CD,W8r1LuGwd932W3Zq,17,17,17,0,17,SELESAI
DTFRECDF89FD3762,TRFRB78FBDDD53FC,W8r1LuGwd932W3Zq,19,19,19,0,19,SELESAI
DTFRBDA1AF313534,TRFR848DB7A2FF7D,W8r1LuGwd932W3Zq,16,16,16,0,16,SELESAI
DTFRB34836254A93,TRFRBB0FBC59F947,W8r1LuGwd932W3Zq,20,20,20,0,20,SELESAI
DTFR1CF47C56A6E5,TRFREBD442D3A3A4,W8r1LuGwd932W3Zq,16,16,16,0,16,SELESAI
DTFRD190DEBF3183,TRFRDA63873B5E25,W8r1LuGwd932W3Zq,16,16,16,0,16,SELESAI
DTFR69F187100698,TRFRDD13648D5BF7,W8r1LuGwd932W3Zq,16,16,16,0,16,SELESAI
DTFRAE6DD9E2B083,TRFR67FE5478133A,4aCSBjQPd3TzFd90,37,37,37,0,37,SELESAI
DTFR6B299E5FD3B7,TRFR1E86AB5CF69C,W8r1LuGwd932W3Zq,18,18,18,0,18,SELESAI
DTFRAD673C7FAEB3,TRFRFD6D8819E953,W8r1LuGwd932W3Zq,20,20,20,0,20,SELESAI
DTFR764020478905,TRFR0494CC8A1F4D,4aCSBjQPd3TzFd90,37,37,37,0,37,SELESAI
DTFR5AE3A40012DC,TRFREC7A31EF1A2C,W8r1LuGwd932W3Zq,20,20,20,0,20,SELESAI
DTFRFC12827142A1,TRFRF8E4EFE6E803,4aCSBjQPd3TzFd90,37,37,37,0,37,SELESAI
DTFR2DCAA98F43C2,TRFR6502DF302A64,W8r1LuGwd932W3Zq,20,20,20,0,20,SELESAI
DTFRAD1AC3A670DD,TRFR71D35944BA87,W8r1LuGwd932W3Zq,19,19,19,0,19,SELESAI
DTFR09B0A21FE0B1,TRFR09175558EDCF,W8r1LuGwd932W3Zq,18,18,18,0,18,SELESAI
DTFR9B8DC696136E,TRFR271B91B6DAB2,W8r1LuGwd932W3Zq,16,16,16,0,16,SELESAI
DTFR2B3CC35FD6C6,TRFR5A26BBC07DD0,W8r1LuGwd932W3Zq,19,19,19,0,19,SELESAI
DTFR53D44641801A,TRFRC6D62B603B84,W8r1LuGwd932W3Zq,18,18,18,0,18,SELESAI
DTFRD05044A864F1,TRFRDB1A2BCC127A,W8r1LuGwd932W3Zq,17,17,17,0,17,SELESAI
DTFRC0BDF00A76B7,TRFRB92867C1B6A3,W8r1LuGwd932W3Zq,18,18,18,0,18,SELESAI
DTFR5EAAC29C751D,TRFR9F910DC4DB97,4aCSBjQPd3TzFd90,37,37,37,0,37,SELESAI
DTFRF253E583E272,TRFR9D4171C8671A,W8r1LuGwd932W3Zq,19,19,19,0,19,SELESAI
DTFR2DAB5EE5614E,TRFR1455CAE7DBD7,W8r1LuGwd932W3Zq,17,17,17,0,17,SELESAI
DTFR709D93E3AE12,TRFR34FA8F555E41,W8r1LuGwd932W3Zq,20,20,20,0,20,SELESAI
DTFR8A71A1D6C3C8,TRFR6C7356B991D9,W8r1LuGwd932W3Zq,20,20,20,0,20,SELESAI
DTFRA0D65170B2B3,TRFR8F529123F0A9,4aCSBjQPd3TzFd90,37,37,37,0,37,SELESAI
DTFR983BF07CED81,TRFRDD8548694B58,W8r1LuGwd932W3Zq,20,20,20,0,20,SELESAI
DTFR0BE32557BFA1,TRFR85F275BF56C1,4aCSBjQPd3TzFd90,37,37,37,0,37,SELESAI
DTFR881E18E7D332,TRFRF2DC940D5D94,W8r1LuGwd932W3Zq,18,18,18,0,18,SELESAI
DTFRF4BC7F86A3E9,TRFRE28D767297F6,W8r1LuGwd932W3Zq,18,18,18,0,18,SELESAI
DTFR19769D7B4512,TRFRA39E3D0256F0,W8r1LuGwd932W3Zq,20,20,20,0,20,SELESAI
DTFRBA72C89C1FC2,TRFR0AEC38C375C3,W8r1LuGwd932W3Zq,17,17,17,0,17,SELESAI
DTFR754408E634CE,TRFR1C30E68E8C52,W8r1LuGwd932W3Zq,16,16,16,0,16,SELESAI
DTFR22599EF65C22,TRFRA34404D4759E,W8r1LuGwd932W3Zq,17,17,17,0,17,SELESAI
DTFR5343B4265ED3,TRFR12E84BE94C64,W8r1LuGwd932W3Zq,19,19,19,0,19,SELESAI
DTFR7817F4A893AA,TRFRA6B4848374BE,4aCSBjQPd3TzFd90,38,38,38,0,38,SELESAI
DTFRDFBCB67243A2,TRFR6FCFA5B6A36C,W8r1LuGwd932W3Zq,16,16,16,0,16,SELESAI
DTFR73D44390033D,TRFR32493AB06C4F,W8r1LuGwd932W3Zq,18,18,18,0,18,SELESAI
DTFR35EFC2D6CC6B,TRFR5FBD47634318,W8r1LuGwd932W3Zq,16,16,16,0,16,SELESAI
DTFRD9421C872A06,TRFR4BE01D4AFB0E,W8r1LuGwd932W3Zq,16,16,16,0,16,SELESAI
DTFR506857669580,TRFR9B46F3DF3C1B,W8r1LuGwd932W3Zq,17,17,17,0,17,SELESAI
DTFR97589EE978BC,TRFRAC2980027E83,4aCSBjQPd3TzFd90,40,40,40,0,40,SELESAI
DTFR439F1A8CDC9F,TRFR9BB94C5637CE,W8r1LuGwd932W3Zq,19,19,19,0,19,SELESAI
DTFR74785D645F8D,TRFR7FF78F08B2C6,W8r1LuGwd932W3Zq,19,19,19,0,19,SELESAI
DTFR18CF7F64C514,TRFR0A8D58BDEB6C,4aCSBjQPd3TzFd90,38,38,38,0,38,SELESAI
DTFR9EE772A51B21,TRFRC60800870256,W8r1LuGwd932W3Zq,20,20,20,0,20,SELESAI
DTFR867ABC135B7F,TRFR606BC3B712A0,W8r1LuGwd932W3Zq,18,18,18,0,18,SELESAI
DTFR0A90618A7FA8,TRFR2230C06A5ECF,W8r1LuGwd932W3Zq,16,16,16,0,16,SELESAI
DTFRAA781CCE8625,TRFR6330B1F52FBE,W8r1LuGwd932W3Zq,18,18,18,0,18,SELESAI
DTFR74A9C7EC830B,TRFR693B4B6E2643,W8r1LuGwd932W3Zq,18,18,18,0,18,SELESAI
DTFRC614C334D24C,TRFR91CDBD28EE84,W8r1LuGwd932W3Zq,18,18,18,0,18,SELESAI
DTFRBF7626C19AB0,TRFREE438E9F0EF4,W8r1LuGwd932W3Zq,18,18,18,0,18,SELESAI
DTFRF31DC73D2D61,TRFR45ED937C60BD,4aCSBjQPd3TzFd90,37,37,37,0,37,SELESAI
DTFR8710D0EAE2DF,TRFRB4CC5DA4F7C6,W8r1LuGwd932W3Zq,17,17,17,0,17,SELESAI
DTFRA1A5CAE59024,TRFRBA4E7687BEF4,W8r1LuGwd932W3Zq,17,17,17,0,17,SELESAI
DTFR2764B8F21A8B,TRFR6DF8A62CC4CE,W8r1LuGwd932W3Zq,16,16,16,0,16,SELESAI
DTFR2DA86B5B1954,TRFRF33D94DE0E85,W8r1LuGwd932W3Zq,20,20,20,0,20,SELESAI
DTFR73583DE97C74,TRFRC323D0A1AA62,W8r1LuGwd932W3Zq,19,19,19,0,19,SELESAI
DTFR65B52E7BFFBC,TRFR10B69E6C267B,W8r1LuGwd932W3Zq,20,20,20,0,20,SELESAI
DTFR3BBA8853F744,TRFR03B856314D21,W8r1LuGwd932W3Zq,17,17,17,0,17,SELESAI
DTFR8FF9AD2B86B5,TRFR629565C0B4D2,W8r1LuGwd932W3Zq,17,17,17,0,17,SELESAI
DTFR9002218F2E73,TRFRB567500C1FE0,W8r1LuGwd932W3Zq,16,16,16,0,16,SELESAI
DTFRB1A1A2AD2DF1,TRFR1F1B46A9CD16,4aCSBjQPd3TzFd90,37,37,37,0,37,SELESAI
DTFRBC73E71E0AB5,TRFR0A5397632F3C,4aCSBjQPd3TzFd90,40,40,40,0,40,SELESAI
DTFRB9E54F69148E,TRFRDCDBDE7DF321,W8r1LuGwd932W3Zq,16,16,16,0,16,SELESAI
DTFR33877D340A08,TRFR900647AC8935,W8r1LuGwd932W3Zq,19,19,19,0,19,SELESAI
DTFR764213CA94BA,TRFR004A5669A70D,W8r1LuGwd932W3Zq,20,20,20,0,20,SELESAI
DTFRB4B16513D7A2,TRFR1FAC03A1EFB6,W8r1LuGwd932W3Zq,16,16,16,0,16,SELESAI
DTFR8801BA62B9E0,TRFR252F07F2C18B,W8r1LuGwd932W3Zq,16,16,16,0,16,SELESAI
DTFR5E5DB433129C,TRFR73EEAC5B2B70,W8r1LuGwd932W3Zq,19,19,19,0,19,SELESAI
DTFR4AC79BC723B3,TRFR7A200E430EDE,W8r1LuGwd932W3Zq,15,15,15,0,15,SELESAI
DTFR28F0F1822240,TRFRDCFE439263E2,4aCSBjQPd3TzFd90,39,39,39,0,39,SELESAI
DTFRDB8AE36FBB56,TRFR703E9DEB60C7,W8r1LuGwd932W3Zq,18,18,18,0,18,SELESAI
DTFR833403383BA2,TRFR95713D5E2D2A,W8r1LuGwd932W3Zq,19,19,19,0,19,SELESAI
DTFRFE4E4B2130AB,TRFRBCF429B079CE,W8r1LuGwd932W3Zq,17,17,17,0,17,SELESAI
DTFR0C667D3815A7,TRFR53C10996B30E,W8r1LuGwd932W3Zq,16,16,16,0,16,SELESAI
DTFR99395A4362F3,TRFR016338A2D583,W8r1LuGwd932W3Zq,20,20,20,0,20,SELESAI
DTFRA75B4746990C,TRFR3ED0BCD08B58,W8r1LuGwd932W3Zq,17,17,17,0,17,SELESAI
DTFR904BF27C1048,TRFR4E14A431A796,W8r1LuGwd932W3Zq,19,19,19,0,19,SELESAI
DTFRFF704CCA0430,TRFR3ADD610D8CCD,4aCSBjQPd3TzFd90,38,38,38,0,38,SELESAI
DTFREF2F7C1E824A,TRFRF127A54517BB,W8r1LuGwd932W3Zq,18,18,18,0,18,SELESAI
DTFR9DE7D3269D7B,TRFRFEB251D0FF69,W8r1LuGwd932W3Zq,18,18,18,0,18,SELESAI
DTFREFAF2D1F562E,TRFRB53B7A13C009,W8r1LuGwd932W3Zq,19,19,19,0,19,SELESAI
DTFR8D7B53DE70FC,TRFRB2B8DD32BD1E,4aCSBjQPd3TzFd90,37,37,37,0,37,SELESAI
DTFR11862F5BD8A0,TRFRA5740B0F5566,W8r1LuGwd932W3Zq,17,17,17,0,17,SELESAI
DTFRFC960E452110,TRFRDF63312B4D8F,W8r1LuGwd932W3Zq,19,19,19,0,19,SELESAI
DTFR0678522C9039,TRFRF0D9C555D1B2,W8r1LuGwd932W3Zq,17,17,17,0,17,SELESAI
DTFR45E859578272,TRFR89C51CB009BF,W8r1LuGwd932W3Zq,17,17,17,0,17,SELESAI
DTFRAAA0EB834AE9,TRFR6A4EC2280591,W8r1LuGwd932W3Zq,17,17,17,0,17,SELESAI
DTFR8378052C12E2,TRFRD8869684EA03,W8r1LuGwd932W3Zq,20,20,20,0,20,SELESAI
DTFRE14654CD6676,TRFRC433CE2123F0,W8r1LuGwd932W3Zq,17,17,17,0,17,SELESAI
DTFR1C59319DDF52,TRFRACDE2588F58D,4aCSBjQPd3TzFd90,38,38,38,0,38,SELESAI
DTFR5EC19896C590,TRFRD6AB5377BE2F,W8r1LuGwd932W3Zq,17,17,17,0,17,SELESAI
DTFR647EFA63D6F7,TRFRCA92D03EDC2D,W8r1LuGwd932W3Zq,18,18,18,0,18,SELESAI
DTFRBE575570EF0B,TRFR0E51CC2668D1,W8r1LuGwd932W3Zq,19,19,19,0,19,SELESAI
DTFR176BBEE3579D,TRFR9C28F25ECED4,W8r1LuGwd932W3Zq,17,17,17,0,17,SELESAI
DTFRC884AF5DB6BA,TRFR711E3DCB48B0,W8r1LuGwd932W3Zq,20,20,20,0,20,SELESAI
DTFR797EF31850CE,TRFR11A6AC002E97,4aCSBjQPd3TzFd90,39,39,39,0,39,SELESAI
DTFR69322A9E7092,TRFR5B3E7B303BAB,W8r1LuGwd932W3Zq,20,20,20,0,20,SELESAI
DTFR41404A4A83D4,TRFR27839BB271CB,W8r1LuGwd932W3Zq,16,16,16,0,16,SELESAI
DTFRC5D785FAD5CE,TRFRBFBED6632F27,W8r1LuGwd932W3Zq,20,20,20,0,20,SELESAI
DTFRDCE07785FDF3,TRFR4E47133FD71D,4aCSBjQPd3TzFd90,38,38,38,0,38,SELESAI
DTFR26C9D9864011,TRFR3B4D8C59F5CD,W8r1LuGwd932W3Zq,19,19,19,0,19,SELESAI
DTFRFAA78F61B12D,TRFR36646CBBDA36,W8r1LuGwd932W3Zq,20,20,20,0,20,SELESAI
DTFRD39138178F62,TRFRFB56DA44D79D,W8r1LuGwd932W3Zq,18,18,18,0,18,SELESAI
DTFRAD5F6D188D8B,TRFRF7D5484013A9,W8r1LuGwd932W3Zq,20,20,20,0,20,SELESAI
DTFR75524924E13E,TRFRE4A420BC7553,4aCSBjQPd3TzFd90,37,37,37,0,37,SELESAI
DTFRC10B20CECB72,TRFR34AB961967F6,W8r1LuGwd932W3Zq,20,20,20,0,20,SELESAI
DTFR7B37E347A4B6,TRFR04EC093317E3,W8r1LuGwd932W3Zq,17,17,17,0,17,SELESAI
DTFR1CFAA40EC24C,TRFR6EE2EEA389CF,W8r1LuGwd932W3Zq,16,16,16,0,16,SELESAI
DTFRF26AA6B1A6FE,TRFR59F75C2059ED,W8r1LuGwd932W3Zq,20,20,20,0,20,SELESAI
DTFRC3AD0F752080,TRFRFE1E01733C12,W8r1LuGwd932W3Zq,17,17,17,0,17,SELESAI
DTFRAFA4E3A896C4,TRFR0EE639DD2961,W8r1LuGwd932W3Zq,16,16,16,0,16,SELESAI
DTFR89BABA30B554,TRFR85ED373D64FA,W8r1LuGwd932W3Zq,16,16,16,0,16,SELESAI
DTFR7C282396A8AC,TRFR7C4592CB37FA,W8r1LuGwd932W3Zq,18,18,18,0,18,SELESAI
DTFRAA320795A4F6,TRFR0C395EDC1359,4aCSBjQPd3TzFd90,38,38,38,0,38,SELESAI
DTFR757F409FA8E2,TRFR9CE91C02BDC3,W8r1LuGwd932W3Zq,20,20,20,0,20,SELESAI
DTFR1F22ECEED3DF,TRFR89BF3E472D1B,W8r1LuGwd932W3Zq,16,16,16,0,16,SELESAI
DTFRCA78984016E4,TRFR6AF044891F0C,W8r1LuGwd932W3Zq,20,20,20,0,20,SELESAI
DTFR7F2777435302,TRFRB4847EFBFC5D,4aCSBjQPd3TzFd90,40,40,40,0,40,SELESAI
DTFR0D9040722C36,TRFREA1A2616AA5E,W8r1LuGwd932W3Zq,20,20,20,0,20,SELESAI
DTFR51153C6C6203,TRFRB7D510BB79E2,W8r1LuGwd932W3Zq,19,19,19,0,19,SELESAI
DTFREA5B2D24F45D,TRFR63B9FB723ED8,W8r1LuGwd932W3Zq,17,17,17,0,17,SELESAI
DTFR08B419F87740,TRFR50D6A7CFDE4B,W8r1LuGwd932W3Zq,16,16,16,0,16,SELESAI
DTFRF5A5302D4937,TRFRA977D0DCFC42,4aCSBjQPd3TzFd90,37,37,37,0,37,SELESAI
DTFRB7F674776A52,TRFR5F759C5082A4,W8r1LuGwd932W3Zq,17,17,17,0,17,SELESAI
DTFR29A956B7AB59,TRFRBAE4CCE586EF,W8r1LuGwd932W3Zq,20,20,20,0,20,SELESAI
DTFRBAFDCCDD0E8D,TRFRE8EF98766024,W8r1LuGwd932W3Zq,18,18,18,0,18,SELESAI
DTFR9466E0AA686F,TRFRE5AFE427B923,W8r1LuGwd932W3Zq,20,20,20,0,20,SELESAI
DTFR36CAD62DAF01,TRFRB5B402DC2843,W8r1LuGwd932W3Zq,17,17,17,0,17,SELESAI
DTFR9C5E76BA18FA,TRFR1F6D09FA60BE,4aCSBjQPd3TzFd90,39,39,39,0,39,SELESAI
DTFR51884C55A99B,TRFR0F44081AD8B1,W8r1LuGwd932W3Zq,18,18,18,0,18,SELESAI
DTFRFF17FF545C33,TRFR9487AE9395A5,W8r1LuGwd932W3Zq,20,20,20,0,20,SELESAI
DTFRA0492B9AE2E7,TRFR92D715478675,W8r1LuGwd932W3Zq,20,20,20,0,20,SELESAI
DTFRA594721EC910,TRFR652AF2BA047C,W8r1LuGwd932W3Zq,16,16,16,0,16,SELESAI
DTFR3B21DA282DED,TRFR24554A3E33F1,W8r1LuGwd932W3Zq,18,18,18,0,18,SELESAI
DTFRA265EC1A5ADB,TRFR84D3AE1DDB14,W8r1LuGwd932W3Zq,20,20,20,0,20,SELESAI
DTFRF7E0783C0C73,TRFR0B5289B97EE0,W8r1LuGwd932W3Zq,20,20,20,0,20,SELESAI
DTFRE2F71BE8E0CB,TRFR97EA3C5695AF,4aCSBjQPd3TzFd90,37,37,37,0,37,SELESAI
DTFR1F8E1C31CD20,TRFR0BD8FBB5A143,4aCSBjQPd3TzFd90,37,37,37,0,37,SELESAI
DTFR56E985AF198F,TRFR6C99B27BE02F,W8r1LuGwd932W3Zq,20,20,20,0,20,SELESAI
DTFRDED8E29223C7,TRFRDE86F51E154A,W8r1LuGwd932W3Zq,18,18,18,0,18,SELESAI
DTFR38EBA313F7FF,TRFR80CD9CA3D62B,W8r1LuGwd932W3Zq,19,19,19,0,19,SELESAI
DTFR791BB1876940,TRFR9DB16531C0FC,W8r1LuGwd932W3Zq,19,19,19,0,19,SELESAI
DTFRBB0E090A55FF,TRFR733390F1160A,W8r1LuGwd932W3Zq,18,18,18,0,18,SELESAI
DTFR1CEE67A17DBA,TRFR39FC48EBC3B7,W8r1LuGwd932W3Zq,20,20,20,0,20,SELESAI
DTFR9036A26D99A0,TRFR10D533AF1A1C,W8r1LuGwd932W3Zq,18,18,18,0,18,SELESAI
DTFRCEB28F99499F,TRFRD473431BD3A9,4aCSBjQPd3TzFd90,38,38,38,0,38,SELESAI
DTFRA2745AACB0D7,TRFR9C4F96BD5B2B,W8r1LuGwd932W3Zq,19,19,19,0,19,SELESAI
DTFRBAFA622B1522,TRFR7A261D45F104,W8r1LuGwd932W3Zq,20,20,20,0,20,SELESAI
DTFR9756248D985C,TRFRAFA276AA7EEA,W8r1LuGwd932W3Zq,17,17,17,0,17,SELESAI
DTFR75D923F9A426,TRFR0133B9E7451E,W8r1LuGwd932W3Zq,19,19,19,0,19,SELESAI
DTFR302E04A8F567,TRFR4BABE693B276,W8r1LuGwd932W3Zq,19,19,19,0,19,SELESAI
DTFR1567630830D3,TRFR753079A45599,W8r1LuGwd932W3Zq,19,19,19,0,19,SELESAI
DTFR03691E70A708,TRFRFF50A0EDEB47,W8r1LuGwd932W3Zq,20,20,20,0,20,SELESAI
DTFR2EAC43F44C98,TRFRD4D6010B4CBC,W8r1LuGwd932W3Zq,17,17,17,0,17,SELESAI
DTFR7BD976940785,TRFRA9F8F16C9C87,W8r1LuGwd932W3Zq,16,16,16,0,16,SELESAI
DTFR16235FFB52A2,TRFR862BCDFF62EB,4aCSBjQPd3TzFd90,39,39,39,0,39,SELESAI
DTFR1B599077E968,TRFR97D7D81C4FEC,W8r1LuGwd932W3Zq,20,20,20,0,20,SELESAI
DTFRCC31AB7CB9E7,TRFR2D099BF775AB,4aCSBjQPd3TzFd90,37,37,37,0,37,SELESAI
DTFR3502A486BB43,TRFR5E2CD3851CC8,W8r1LuGwd932W3Zq,19,19,19,0,19,SELESAI
DTFREA33234BF96C,TRFRF523D1AE01B5,W8r1LuGwd932W3Zq,20,20,20,0,20,SELESAI
DTFRF7C76F17C068,TRFRAA9E022832B2,W8r1LuGwd932W3Zq,20,20,20,0,20,SELESAI
DTFRED470B4D5F67,TRFR35842EC62275,W8r1LuGwd932W3Zq,20,20,20,0,20,SELESAI
DTFRA9CA82692A6B,TRFR858373AAF7A2,W8r1LuGwd932W3Zq,17,17,17,0,17,SELESAI
DTFRAE8E9D863B7D,TRFRF03A4AD5A12F,W8r1LuGwd932W3Zq,20,20,20,0,20,SELESAI
DTFR997924ABF9C7,TRFR531112B60910,4aCSBjQPd3TzFd90,37,37,37,0,37,SELESAI
DTFR87F530E589DF,TRFRAE17AA0DF081,W8r1LuGwd932W3Zq,17,17,17,0,17,SELESAI
DTFREDBADE042230,TRFR91BAA8785B7C,W8r1LuGwd932W3Zq,17,17,17,0,17,SELESAI
DTFR75A673138434,TRFR984093D7BC96,W8r1LuGwd932W3Zq,19,19,19,0,19,SELESAI
DTFRA7FC609A5B57,TRFRACB60F2932F0,W8r1LuGwd932W3Zq,19,19,19,0,19,SELESAI
DTFRA5960F9B3154,TRFR4EF2E89D490D,W8r1LuGwd932W3Zq,18,18,18,0,18,SELESAI
DTFR25B0967239EF,TRFR7E71820741C6,W8r1LuGwd932W3Zq,17,17,17,0,17,SELESAI
DTFR08DAC0469259,TRFRD5F4AFD898F9,4aCSBjQPd3TzFd90,37,37,37,0,37,SELESAI
DTFRB1F7C06FBD49,TRFR62DDE3B55C76,W8r1LuGwd932W3Zq,19,19,19,0,19,SELESAI
DTFRB63EFC961C4A,TRFR1D7795E2F775,W8r1LuGwd932W3Zq,17,17,17,0,17,SELESAI
DTFRA870A6ACE291,TRFRE152FADE32C9,W8r1LuGwd932W3Zq,20,20,20,0,20,SELESAI
DTFRA65A8C1E6012,TRFR2D13D3D943E1,W8r1LuGwd932W3Zq,20,20,20,0,20,SELESAI
DTFRDB1DD12C3934,TRFR94FF47164662,4aCSBjQPd3TzFd90,38,38,38,0,38,SELESAI
DTFR797EA40B71DE,TRFR4EF71DB0F57E,W8r1LuGwd932W3Zq,20,20,20,0,20,SELESAI
DTFR101BEFB202D4,TRFR08172724495A,W8r1LuGwd932W3Zq,17,17,17,0,17,SELESAI
DTFR650A40A540BE,TRFR3AD9C60B883A,W8r1LuGwd932W3Zq,18,18,18,0,18,SELESAI
DTFRE1EFDB5AEAF0,TRFRD8A3ED0D6C97,W8r1LuGwd932W3Zq,19,19,19,0,19,SELESAI
DTFR9F2BEB7E5136,TRFR61FB478F3C3E,W8r1LuGwd932W3Zq,17,17,17,0,17,SELESAI
DTFR56DBCE9255FD,TRFR1BBD1B19B1F6,W8r1LuGwd932W3Zq,20,20,20,0,20,SELESAI
DTFRAA4C24133BAE,TRFR54F4E36DCBA8,4aCSBjQPd3TzFd90,40,40,40,0,40,SELESAI
DTFRB14341389994,TRFRDEFAF1F151F5,W8r1LuGwd932W3Zq,20,20,20,0,20,SELESAI
DTFRCC71C4676FE1,TRFR6DBD1FBD38C1,W8r1LuGwd932W3Zq,19,19,19,0,19,SELESAI
DTFRF811C5FC9FFC,TRFR6C11C2DA95F4,W8r1LuGwd932W3Zq,17,17,17,0,17,SELESAI
DTFR73FE0061DDB9,TRFRA8E14F4560CA,W8r1LuGwd932W3Zq,15,15,15,0,15,SELESAI
DTFR57E9F380B68B,TRFR3D152CF01E15,4aCSBjQPd3TzFd90,38,38,38,0,38,SELESAI
DTFR6D37B2E6E817,TRFRF50221D0A170,W8r1LuGwd932W3Zq,20,20,20,0,20,SELESAI
DTFR3F47E89E741A,TRFRB7A01B031732,W8r1LuGwd932W3Zq,20,20,20,0,20,SELESAI
DTFR77CEDCBDA671,TRFR01686BFEBF83,W8r1LuGwd932W3Zq,20,20,20,0,20,SELESAI
DTFRC3301180D779,TRFR9F9FAA542574,4aCSBjQPd3TzFd90,37,37,37,0,37,SELESAI
DTFRF6526ADB9824,TRFR7A4446D6BD60,W8r1LuGwd932W3Zq,18,18,18,0,18,SELESAI
DTFR257B6DA9401D,TRFRAC5C5BFB4D5E,W8r1LuGwd932W3Zq,17,17,17,0,17,SELESAI
DTFR09AFC2D19B7E,TRFR556A3E1608A2,W8r1LuGwd932W3Zq,20,20,20,0,20,SELESAI
DTFR91F0F99C84FC,TRFRBC5F30F5F316,W8r1LuGwd932W3Zq,17,17,17,0,17,SELESAI
DTFR5DF43B0C8DA2,TRFR42B066164968,W8r1LuGwd932W3Zq,17,17,17,0,17,SELESAI
DTFR8FAC5306E84E,TRFR4EB7258FE875,W8r1LuGwd932W3Zq,20,20,20,0,20,SELESAI
DTFR69B36056EFB6,TRFR3F752F4E6DB7,W8r1LuGwd932W3Zq,20,20,20,0,20,SELESAI
DTFRF8DEC266D968,TRFR9D060F9A2A74,W8r1LuGwd932W3Zq,19,19,19,0,19,SELESAI
DTFR5BEFB464125F,TRFRD043993C319B,W8r1LuGwd932W3Zq,16,16,16,0,16,SELESAI
DTFR4347417B3522,TRFRDE483C033A80,W8r1LuGwd932W3Zq,17,17,17,0,17,SELESAI
DTFR475EF75D2528,TRFRCDC665D33AAF,4aCSBjQPd3TzFd90,38,38,38,0,38,SELESAI
DTFRFFDFEBD32397,TRFRDF408D13D460,W8r1LuGwd932W3Zq,20,20,20,0,20,SELESAI
DTFR2F9475CC6675,TRFRDDD954BC23B3,W8r1LuGwd932W3Zq,17,17,17,0,17,SELESAI
DTFRC5DE63BDB245,TRFR712BE51BE50F,4aCSBjQPd3TzFd90,37,37,37,0,37,SELESAI
DTFR5745037FEEF4,TRFREE406185ADA0,4aCSBjQPd3TzFd90,37,37,37,0,37,SELESAI
DTFR8765D463E20C,TRFR381A1C9C824F,W8r1LuGwd932W3Zq,20,20,20,0,20,SELESAI
DTFRE5FE97E466D1,TRFR453C6D665675,W8r1LuGwd932W3Zq,20,20,20,0,20,SELESAI
DTFR72D7EEC58297,TRFR46E96F85ADD9,W8r1LuGwd932W3Zq,20,20,20,0,20,SELESAI
DTFRE413819DA490,TRFR2F76AC4CE9FF,W8r1LuGwd932W3Zq,19,19,19,0,19,SELESAI
DTFR0AC0141D1C07,TRFR65B2096E7838,W8r1LuGwd932W3Zq,17,17,17,0,17,SELESAI
DTFR6E7DA4B5074F,TRFRFF206E001FEA,W8r1LuGwd932W3Zq,16,16,16,0,16,SELESAI
DTFR8837CC729AED,TRFRC4B53EF64D8B,W8r1LuGwd932W3Zq,18,18,18,0,18,SELESAI
DTFR9DC600E03BB2,TRFR822DF2CB9A7D,W8r1LuGwd932W3Zq,18,18,18,0,18,SELESAI
DTFRF6F998732A22,TRFRC19506654726,W8r1LuGwd932W3Zq,19,19,19,0,19,SELESAI
DTFR4F4B09AEA21E,TRFR9CC4A7B923D0,W8r1LuGwd932W3Zq,20,20,20,0,20,SELESAI
DTFRC3528970EB52,TRFRCA54FE11F723,W8r1LuGwd932W3Zq,19,19,19,0,19,SELESAI
DTFR0AAC87F80639,TRFRA8C63C8D2355,W8r1LuGwd932W3Zq,20,20,20,0,20,SELESAI
DTFREEB7F42167E9,TRFR660E41785284,W8r1LuGwd932W3Zq,16,16,16,0,16,SELESAI
DTFR20B83BEE951D,TRFR037E0A809796,4aCSBjQPd3TzFd90,37,37,37,0,37,SELESAI
DTFR16849747D8B7,TRFR2CA991DCC624,W8r1LuGwd932W3Zq,16,16,16,0,16,SELESAI
DTFRE17DACA3D3AE,TRFRDC652BE6C8FD,4aCSBjQPd3TzFd90,39,39,39,0,39,SELESAI
DTFR2AE1B14945FB,TRFRB19CFBBE406F,W8r1LuGwd932W3Zq,20,20,20,0,20,SELESAI
DTFR427BC1CB7B51,TRFR09274B517D2D,W8r1LuGwd932W3Zq,16,16,16,0,16,SELESAI
DTFRD1837EBF3AC6,TRFR4A7743C1B574,W8r1LuGwd932W3Zq,20,20,20,0,20,SELESAI
DTFRDBA80DC10806,TRFR2F0A5631691C,4aCSBjQPd3TzFd90,39,39,39,0,39,SELESAI
DTFR721CC3DB9DE5,TRFRCFF686ED37DE,W8r1LuGwd932W3Zq,16,16,16,0,16,SELESAI
DTFR8A56B12E05B6,TRFRF43EF5D1519D,W8r1LuGwd932W3Zq,16,16,16,0,16,SELESAI
DTFR401FE0F84CC9,TRFR78BEDB16912D,W8r1LuGwd932W3Zq,20,20,20,0,20,SELESAI
DTFR4FBB7771C28E,TRFRF5D9957A54DB,W8r1LuGwd932W3Zq,17,17,17,0,17,SELESAI
DTFRC065FE88776C,TRFR52FB291D23BC,W8r1LuGwd932W3Zq,16,16,16,0,16,SELESAI
DTFR63AB88CBA454,TRFR516AF636D410,W8r1LuGwd932W3Zq,20,20,20,0,20,SELESAI
DTFR491EA3B5B7B8,TRFRDC5D0F8184A3,W8r1LuGwd932W3Zq,16,16,16,0,16,SELESAI
DTFR654E891AC3DE,TRFR6BB5A6E4D06F,W8r1LuGwd932W3Zq,16,16,16,0,16,SELESAI
DTFR200DB1E039BF,TRFRB12B88616F27,W8r1LuGwd932W3Zq,20,20,20,0,20,SELESAI
DTFR0A699CAE8BB5,TRFR861F807999EA,W8r1LuGwd932W3Zq,17,17,17,0,17,SELESAI
DTFR06BA1AA1C422,TRFR080271FA724F,4aCSBjQPd3TzFd90,39,39,39,0,39,SELESAI
DTFR15BA032183D3,TRFRA27DEDEC29F3,4aCSBjQPd3TzFd90,37,37,37,0,37,SELESAI
DTFR1FC53FFDCD91,TRFRCB31EC22BF94,W8r1LuGwd932W3Zq,16,16,16,0,16,SELESAI
DTFR82D46812E4B6,TRFR456997CB9194,W8r1LuGwd932W3Zq,19,19,19,0,19,SELESAI
DTFRC911DA7502E6,TRFRDE2048A33616,W8r1LuGwd932W3Zq,20,20,20,0,20,SELESAI
DTFR3C1105714324,TRFRE28D3AFF8A90,W8r1LuGwd932W3Zq,19,19,19,0,19,SELESAI
DTFR3E2181859E9D,TRFRE0679FC3A6F3,4aCSBjQPd3TzFd90,38,38,38,0,38,SELESAI
DTFRF6EE76D7E40F,TRFR137B7733D286,W8r1LuGwd932W3Zq,18,18,18,0,18,SELESAI
DTFR369788EA72A9,TRFR46A94B308408,W8r1LuGwd932W3Zq,18,18,18,0,18,SELESAI
DTFR5FDB9D77FA7D,TRFR385939EF3FDB,W8r1LuGwd932W3Zq,20,20,20,0,20,SELESAI
DTFRD0A4B55B1634,TRFR370CC4A50215,W8r1LuGwd932W3Zq,18,18,18,0,18,SELESAI
DTFRDBE7DBA306E7,TRFR86124C5027D3,W8r1LuGwd932W3Zq,18,18,18,0,18,SELESAI
DTFR63185409E20E,TRFRDB4298580194,W8r1LuGwd932W3Zq,16,16,16,0,16,SELESAI
DTFRD93CB5F69507,TRFRF3492D00D121,W8r1LuGwd932W3Zq,20,20,20,0,20,SELESAI
DTFRC25138D16434,TRFR5A3F8A15E13F,W8r1LuGwd932W3Zq,18,18,18,0,18,SELESAI
DTFR9B88A67F2A6F,TRFR0BF8509C5C4C,4aCSBjQPd3TzFd90,37,37,37,0,37,SELESAI
DTFRA588C4FC8BE8,TRFRD42BA95A958F,W8r1LuGwd932W3Zq,18,18,18,0,18,SELESAI
DTFRF7F1ECFA3683,TRFRBB0A01D6107A,W8r1LuGwd932W3Zq,18,18,18,0,18,SELESAI
DTFRDB91F92CB461,TRFR6A90CD835446,W8r1LuGwd932W3Zq,17,17,17,0,17,SELESAI
DTFR4B4077AD48CB,TRFRB22AA76BD2F7,W8r1LuGwd932W3Zq,16,16,16,0,16,SELESAI
DTFRA98EA301C2F2,TRFR412A07ACE610,4aCSBjQPd3TzFd90,40,40,40,0,40,SELESAI
DTFR5FBBD21A778E,TRFRB5DAA0AE84CB,W8r1LuGwd932W3Zq,19,19,19,0,19,SELESAI
DTFR0110C4CAD49D,TRFR01EEE2A20808,W8r1LuGwd932W3Zq,19,19,19,0,19,SELESAI
DTFR4A88A23624A9,TRFR4D1F5EEA59E2,W8r1LuGwd932W3Zq,19,19,19,0,19,SELESAI
DTFR4EF778ED47AC,TRFR51227D5D0C53,W8r1LuGwd932W3Zq,17,17,17,0,17,SELESAI
DTFR6AA2132385AE,TRFR7DD4AA22EE74,W8r1LuGwd932W3Zq,17,17,17,0,17,SELESAI
DTFRCD9DD2E5B141,TRFRA2AECAAF6C02,W8r1LuGwd932W3Zq,20,20,20,0,20,SELESAI
DTFR38E8D269858D,TRFRD2BBEB397F9B,W8r1LuGwd932W3Zq,20,20,20,0,20,SELESAI
DTFR907FD29B2B54,TRFR8D70259B4E1F,4aCSBjQPd3TzFd90,38,38,38,0,38,SELESAI
DTFR0F9727D96FFA,TRFR580509362352,W8r1LuGwd932W3Zq,20,20,20,0,20,SELESAI
DTFRC7414830F293,TRFR5BC5D9492CA1,W8r1LuGwd932W3Zq,20,20,20,0,20,SELESAI
DTFRE0D018BA474A,TRFR1D8143B8F831,W8r1LuGwd932W3Zq,19,19,19,0,19,SELESAI
DTFR4F7F54E5A7CD,TRFR0743D61A9F57,W8r1LuGwd932W3Zq,20,20,20,0,20,SELESAI
DTFRD9151DFB8B04,TRFR62CE9742E896,W8r1LuGwd932W3Zq,20,20,20,0,20,SELESAI
DTFR1BD21402021E,TRFR7E00D8B3D852,W8r1LuGwd932W3Zq,16,16,16,0,16,SELESAI
DTFR6C5C2932F4AD,TRFR6FBEC44CF88C,W8r1LuGwd932W3Zq,19,19,19,0,19,SELESAI
DTFRC27BA7495E83,TRFR7FEE0FD28D14,4aCSBjQPd3TzFd90,40,40,40,0,40,SELESAI
DTFR21E447150995,TRFRD0CC2E4E2E88,W8r1LuGwd932W3Zq,18,18,18,0,18,SELESAI
DTFRA9712B706A04,TRFR829F7FFB46E4,W8r1LuGwd932W3Zq,20,20,20,0,20,SELESAI
DTFRAC33A1D9DD66,TRFR460F399AA391,4aCSBjQPd3TzFd90,37,37,37,0,37,SELESAI
DTFRFFD437204225,TRFR61159D7BE1FA,W8r1LuGwd932W3Zq,16,16,16,0,16,SELESAI
DTFR12812B079CC0,TRFR91738A51305D,W8r1LuGwd932W3Zq,20,20,20,0,20,SELESAI
